Pathway ID,Metabolite ID,Metabolite Level,Metabolite Level Position,Metabolite Names,Metabolite Abbreviation,KEGG ID,Border,Type,Pathway KEGG ID,Notes,Alternate KEGG Ids,
0,0,0.1,-10,5-Dehydro-4-Deoxyglutarate,5DH4DGLC,C00679,0,m,6,,,
0,1,0.1,-9,D-Glucarate,GLCR,C00818,0,m,6,,,
0,2,0,-8,1D-myo-Inositol-1P,MI1P_D,C01177,1,m,79,,,
0,3,0.1,2,Maltose,MALT,C00208,0,m,61,,,
0,4,0.4,-0.6,Amylopectin,Amylopectin,C00317,0,m,,,,
0,5,0.5,-2.6,Cellobiose,Cellobiose,C00185,0,m,61,,,
0,6,0.6,-10,2-Dehydro-3-Deoxyglutarate,2-Dehydro-3-Deoxyglutarate,C03921,0,m,6,,,
0,7,0.9,-8,myo-Inositol,INOST,C00137,1,m,79,,,
0,8,0.9,2,Limited dextrin,Limited dextrin,C02049,0,m,,,,
0,9,1,-7,3-Phosphatidyl-1D-myo-Inositol,3-Phosphatidyl-1D-myo-Inisotol,C01194,1,m,,,,
0,10,1,1,"Adenosine-3',5'-Monophosphate",CAMP,C00575,1,m,20,,,
0,11,1.1,-9,D-Glucoronolactone,D-Glucoronolactone,C02670,0,m,6,,,
0,12,1.2,-1.2,Amylose,14GLUCAN,C00718,0,m,61,,,
0,13,1.6,-5.6,B-Glucosides (Arbutin),B-Glucosides (Arbutin),C00963,1,m, ,,C01798|C06186|C01451,
0,14,1.3,-9.6,Tartronate Semialdehyde,2H3OPPAN,C01146,1,m,6,,,
0,15,1.7,-4.9,Sucrose-6P,SUC6P,C02591,0,m,61,,,
0,16,1.7,-3.8,Sucrose,SUCR,C00089,1,m,61,,,
0,17,1.7,-2.6,Cellulose,Cellulose,C00760,0,m,,,,
0,18,3,-10,L-Gulonolactone,L-Gulunolactone,C01040,0,m,6,,,
0,19,3,-9,L-Gulonate,L-Gulonate,C00800,0,m,6,,,
0,20,3,-8,D-Glucuronate,GLCUR,C00191,1,m,3|79|6,,,
0,21,3,-7,D-Glucuronate-1P,GLCUR1P,C05385,0,m,3,,,
0,22,3,-6,UDP-D-Glucuronate,UDPGLCUR,C00167,1,m,3|61,,,
0,23,3.2,-4.4,D-Galactose,GAL,C00124,0,m,5,,,
0,24,3.2,-3,a-D-Galactose-1P,GAL1P,C00446,0,m,5,,,
0,25,3.2,-0.4,UDP-D-Glucose,UDPG,C00029,1,m,6|61,,,
0,26,3.2,0.4,ADP-D-Glucose,ADPGLC,C00498,1,m,61,,,
0,27,3.6,-2,dTDP-D-Galactose,dTDP-D-Galactose,C02097,0,m,,,,
0,28,3.6,-1,GDP-D-Glucose,GDP-D-Glucose,C00394,0,m,67,,,
0,29,3.8,-7,Pectin,Pectin,C00714,0,m,,,,
0,30,4.2,-10,L-xylo-Hexulonolactone,L-xylo-Hexulonolactone,C03289,0,m,,identification based on position and reaction name,,
0,31,4.4,-9,3-Dehydro-L-Gulonate,3DHGULN,C00618,0,m,6,,,
0,32,4.5,-5.2,Raffinose,Raffinose,C00492,0,m,,,,
0,33,4.6,-8,D-Galacturonate,GALUR,C00333,0,m,3|6,,,
0,34,4.6,-7,D-Galacturonate-1P,D-Galacturonate-1P,C04037,0,m,,,,
0,35,4.6,-6,UDP-D-Galacturonate,UDP-D-Galacturonate,C00617,0,m,61,,,
0,36,4.6,-4.4,Lactose,LCTS,C00243,0,m,,,,
0,37,4.6,-3,UDP-D-Galactose,UDPGAL,C00052,1,m,5,,,
0,38,4.6,-2.2,dTDP-L-Rhamnose,DTDPRMN,C03319,0,m,70,,,
0,39,4.6,-1.8,UDP-L-Rhamnose,UDP-L-Rhamnose,C02199,0,m,,,,
0,40,4.65,-1,dTDP-D-Glucose,DTDPGLU,C00842,0,m,,,,
0,41,4.7,-5.5,Rhamnosides (Rutin),Rutin,C05625,0,m,,,,
0,42,5,-10,L-Ascorbate,ASCB_L,C00072,0,m,6,,,
0,43,5,0,a-D-Glucose-1P,G1P,C00103,1,m,0,,,
0,44,5,1,D-Gluconate,GLCN,C00257,1,m,2,,,
0,45,5,2,"D-Glucono-1,5-lactone",Glu15lac,C00198,1,m,2,,,
0,46,5.3,-8,UDP-L-Arabinose,UDP-L-Arabinose,C00935,0,m,67|61,,,
0,47,5.3,-6.4,UDP-a-D-Xylose,UDP-a-D-Xylose,C00190,0,m,,,,
0,48,5.5,-0.6,"a-D-Glucose-1,6P2",aG16P,C01231,0,m,61,,,
0,49,5.7,-5.4,2-Dehydro-3-deoxy-D-gluconate,2DDGLCN,C00204,0,m,2,,,
0,50,5.8,-4.4,Pyruvate,PYR,C00022,1,m,2,,,
0,51,6,-10,L-Dehydroascorbate,L-Dehydroascorbate,C05422,1,m,6,,,
0,52,6,-9,"2,3-Dioxo-L-Gulonate (2,3-Diketo-L-gulonate)","2,3-Dioxo-L-Gulonate",C04575,0,m,3|6,identification based on map 3,,
0,53,5.8,-7.2,Pentosans,Pentosans,C06016,0,m,,,C02352,
0,54,6,-3.4,2-Dehydro-3-deoxy-D-gluconate-6P,2DDG6P,C04442,0,m,2,,,
0,55,6,-2,D-Gluconate-6P,6PGC,C00345,0,m,2,,,
0,56,6,-1,"D-Glucono-1,5-lactone-6P",6PGL,C01236,0,m,2,,,
0,57,6,0,D-Glucose-6P,G6P,C00092,1,m,0,,,
0,58,6,2,D-Glucose,GLC_D,C00031,1,m, ,,,
0,59,6.2,-8,L-Arabinose,ARAB_L,C00259,0,m,3|67,,,
0,60,6.2,-6.4,D-Xylose,XYL-D,C00181,0,m,3,,,
0,61,6.2,-4.4,Glyceraldehyde-3P,G3P,C00661,1,m,0,,,
0,62,6.8,-9.1,L-Lyxonate,L-Lyxonate,C05412,0,m,6,,,
0,63,6.8,-10.2,L-Threonate,L-Threonate,C01620,0,m,6,,,
0,64,6.8,-9.8,Oxalate,OXA,C00209,1,sm,,,,
0,65,7,-8,L-Arabinitol,L-Arabinitol,C00532,0,m,3,,,
0,66,7,-6.4,Xylitol,Xylitol,C00379,0,m,3,,,
0,67,7,-5.4,D-Xylulose,XYLU-D,C00310,0,m,3,,,
0,68,6.6,-4.4,D-Ribitol,Ribitol,C00474,0,m,3,,,
0,69,6.6,-3.4,D-Ribulose,Ribl-D,C00309,0,m,3,,,
0,70,6.6,1,a-D-Mannose-6P,MAN6P,C00275,0,m,4,,,
0,71,6.6,2,D-Mannose,MAN,C00159,0,m,4,,,
0,72,6.6,2.6,D-Sorbitol,SBT_D,C00794,0,m,4,,,
0,73,6.8,-8.9,L-Xylonate,L-Xylonate,C05411,0,m,6,,,
0,74,7,-2,D-Ribulose-5P,RU5P_D,C00199,1,m,2,,,
0,75,7,-1,D-arabino-hex-3-ulose 6-phosphate,D-arabino-hex-3-ulose 6-phosphate,C06019,0,m,,,,
0,76,7,0,B-D-Fructose-6P,F6P,C00085,1,m,0,,,
0,77,7.1,-4.4,Acetate,AC,C00033,1,m,0,,,
0,78,7.3,-3.4,Acetyl phosphate,ACTP,C00227,1,m,,,,
0,79,7.4,2,D-Fructose,FRU,C00095,1,m,0,,,
0,80,7.5,1.3,"B-D-Fructose-2,6P2","B-D-Fructose-2,6P2",C00665,0,m,4,,,
0,81,7.5,-4.4,Acetyl-CoA,ACCOA,C00024,1,m,0,,,
0,82,7.6,-10.2,3-Dehydrothreonate,3-Dehydrothreonate,C03064,0,m,6,,,
0,83,7.6,-9,L-Erythroascorbate,L-Erythroascorbate,-3,0,m,,,,
0,84,7.8,-8,L-Xylulose,XYLU_L,C00312,0,m,3,,,
0,85,7.8,-6.4,D-Xylulose-5P,XU5P_D,C00231,0,m,3,,,
0,86,7.8,-5.4,L-Ribulose-5P,RU5P_L,C01101,0,m,2,,,
0,87,7.6,-1.2,D-Xylulose-5P,XU5P_D,C00231,1,m,2,,,
0,88,8,-3.4,D-Ribose,RIB_D,C00121,1,m,2,,,
0,89,8,-2,D-Ribose-5P,R5P,C00117,1,m,2,,,
0,90,8,-1,D-Erythrose-4P,E4P,C00279,1,m,2,,,
0,91,8.2,0,"beta-D-Fructose 1,6-biphosphate",FDP,C00354,1,m,0|4,,,
0,92,8.2,1,D-Fructose-1P,F1P,C05378,0,m,4,,,
0,93,8.6,-6.4,L-Ribulose,RIBL_L,C00508,0,m,3,,,
0,94,8.5,-0.8,D Sedoheptulose-7P,S7P,C00281,1,m,2|107,,,
0,95,8.8,-10,B-D-Ribosylamine-5P,PRAM,C03090,0,m,20|38,,,
0,96,8.8,-9,5-Phospho-alpha-D-ribose 1-diphosphate,PRPP,C00119,1,m,2|20|23|38,,,
0,97,9,0,Glyceraldehyde-3P,GAPD,C00661,1,m,1|4,,,
0,98,9,1,Glycerone-P,DHAP,C00111,1,m,0,,,
0,99,9,2.4,sn-Glycerol-3P,GLYC3P,C00093,1,m,1|78,,,
0,100,9.2,-1.8,Formaldehyde,FALD,C00067,0,m,106,,,
0,101,9.8,-0.8,"D-Sedoheptulose-1,7P2",S17BP,C00447,1,m,107,,,
0,102,9.8,1.6,D-Glyceraldehyde,GLYALD,C00577,0,m,0|4,,,
0,103,9.8,2.4,Glycerol,GLYC,C00116,1,m,,,,
0,104,10,-1.5,Formate,FOR,C00058,1,m,106,,,
0,105,10,0,"Glycerate-1,3P2",13DPG,C00236,1,m,0,,,
0,106,10.6,2.4,2-Hydroxypropionaldehyde,2-Hydroxypropionaldehyde,C05999,0,m,100,,,
0,107,10.6,1.6,"1,2- Propanediol","1,2- Propanediol",C00583,0,m,100,,,
0,108,11,0,D-Glycerate-3P,3PG,C00197,1,m,0|27,,,
0,109,11,1,3P-Hydroxypyruvate,3PHP,C03232,0,m,27,,,
0,110,11,2.5,3P-Serine,PSER_L,C01005,0,m,,,,
0,111,11.6,-0.5,"Glycerate-2,3P2",23BPG,C01159,0,m,0,,,
0,112,12,-1.7,Glyoxylate,GLX,C00048,1,m,98,,,
0,113,12,-1,Tartronate Semialdehyde,2H3OPPAN,C01146,1,m,6|98,,,
0,114,12,0,D-Glycerate-2P,2PG,C00631,1,m,0,,,
0,115,12,1,D-Glycerate,GLYC_R,C00258,0,m,98,,,
0,116,12,2.55,Hydroxypyruvate,HPYR,C00168,1,m,,,,
0,117,11.6,3.3,Arachidonate,Arachidonate,C00219,0,m,,,,
0,118,12.7,2.85,L-Alanine,ALA_L,C00041,1,m,,,,
0,119,12.7,2,L-Alanyl-tRNA(Ala),ALATRNA,C00886,1,m,,,,
0,120,12.9,-2.2,Glycolate,GLYCLT,C00160,1,m,98,,,
0,121,13,0,Phosphoenolpyruvate,PEP,C00074,1,m,0,,,
0,122,14,0,Pyruvate,PYR,C00022,1,m,0,,,
0,123,14.2,1.8,L-Lactate,LAC_L,C00186,0,m,0|90,,,
0,124,14.7,1.8,D-Lactate,LAC_D,C00256,1,m,90,,,
0,125,15,0,2-(a-Lactoyl)ThPP,2-(a-Lactoyl)ThPP,-1,0,m,,,,
0,126,15.5,1.8,Acetaldehyde,ACALD,C00084,1,m,0,,,
0,127,15.5,2.5,Ethanol,ETOH,C00469,0,m,0,,,
0,128,16,0,2-(a-Hydroxyethyl)ThPP,2-(a-Hydroxyethyl)ThPP,C05125,0,m,,,,
0,129,16.5,1.8,Acetate,AC,C00033,1,m,0,,,
0,130,17,0,6-S-Acetyldihydrolipoate,6-S-Acetyldihydrolipoate,-2,0,m,,,,
0,131,17.55,1.8,Acetyl Adenylate,Acetyl Adenylate,C05993,0,m,90,,,
0,132,17.7,-0.35,Formate,Form,C00058,1,s,,,,
0,133,18,0,Acetyl-CoA,ACCOA,C00024,1,m,1,,,
0,134,18.4,1.8,O-Acetylcarnitine,O-Acetylcarnitine,C02571,1,m,,,,
0,135,18.5,-2.1,L-Oxosuccinamate,L-Oxosuccinamate,C02362,0,m,24,,,
0,136,18.8,-0.7,Oxaloacetate,OAA,C00036,1,m,1|24,,,
0,137,18.8,1,Citrate,CIT,C00158,0,m,1,,,
0,138,19.4,1.8,cis-Aconitate,ACON,C00417,0,m,1,,,
0,139,19.4,2.6,Itaconate,Itaconate,C00490,0,m,104,,,
0,140,19.5,-1.5,(S)-Malate,MAL_L,C00149,1,m,1,,,
0,141,19.5,1.2,Glycolate,GLYCLT,C00160,1,m,,,,
0,142,20.3,-1.8,Fumarate,FUM,C00122,1,m,1,,,
0,143,20.4,-0.6,Formyl-CoA,Formyl-CoA,C00798,0,m,,,,
0,144,20.4,0.3,Oxalyl-CoA,Oxalyl-CoA,C00313,0,m,98,,,
0,145,20.4,1.2,Glyoxylate,GLX,C00048,1,m,98,,,
0,146,20.5,2.2,Isocitrate,ICIT,C00311,0,m,1,,,
0,147,21.2,-1.85,Succinate,SUC,C00042,1,m,1,,,
0,148,21.2,-0.6,Formate,FOR,C00058,1,m,,,,
0,149,21.2,0.3,Oxalate,OXA,C00209,1,m,98,,,
0,150,21.65,2,Oxalosuccinate,Oxalosuccinate,C05379,0,m,1,,,
0,151,22,-1.5,Succinyl-CoA,SUCCOA,C00091,1,m,1,,,
0,152,22.5,1.4,2-Oxoglutarate,AKG,C00026,1,m,1|103,,,
0,153,22.6,2.3,2-Oxoglutaramate,2-Oxoglutaramate,C00940,0,m,,,,
0,154,22.6,3.6,L-Glutamine,GLN_L,C00064,0,m,,,,
0,155,22.5,-2,Glycyl-tRNA(Gly),GLYTRNA,C02412,1,m,142,,,
0,156,23,-1.7,Glycine,GLY,C00037,1,m,142,,,
0,157,23.1,-2.1,Acetyl-CoA,ACCOA,C00024,1,m,,,,
0,158,23.4,2.6,Oxaloacteate,OAA,C00036,1,m,,,,
0,159,23.7,1.4,2-Hydroxyglutarate,2-Hydroxyglutarate,C02630,0,m,103,,,
0,160,24,3.6,L-Glutamate,GLU_L,C00025,0,m,,,,
0,161,21.7,8.1,L-Aspartate,ASP_L,C00049,1,m,35|24,,,
0,162,0,-5,D-Glucose-6P,G6P,C00092,1,s,,,,
0,163,0.1,-4.5,D-Fructose,FRU,C00095,1,s,,,,
0,164,0,-4,a-D-Glucose-1P,G1P,C00103,1,s,,,,
0,165,0.1,-3.5,D-Glucose,GLC_D,C00031,1,s,,,,
0,166,2.5,-5.1,D-Fructose-6P,F6P,C00085,1,s,,,,
0,167,2.4,-4,D-Fructose,Fru,C00095,1,s,,,,
0,168,1.7,-6.5,B-D-Glucuronides,B-D-Glucuronodes,C03033,1,m,3,,,
0,169,9.5,-5,Glucosaminate,Glucosaminate,C03752,0,m,,,,
0,170,9.5,-3.9,D-Glucosamine,GAM,C00329,0,m,67,,,
0,171,9.5,-2.8,D-Glucosamine-6P,GAM6P,C00352,0,m,24|67,,,
0,172,10.7,-5,Chitobiose,Chitobiose,C01674,0,m,67,,,
0,173,10.7,-3.9,N-Acetyl-D-Glucosamine,ACGAM,C00140,0,m,,,,
0,174,10.7,-2.8,N-Acetyl-D-Glucosamine-6P,ACGAM6P,C00357,0,m,,,,
0,175,12.1,-5,B-Acetyl-Glucosaminide,B-Acetyl-Glucosaminide,-10,0,m,,,,
0,176,12.1,-2.8,N-Acetyl-D-Glucosamine-1P,N-Acetyl-D-Glucosamine-1P,C04501,0,m,,,,
0,177,13.5,-5,N-Acetyl-D-Mannosamine-6P,ACMANAP,C04257,0,m,,,,
0,178,13.5,-3.7,N-Acetyl-D-Mannosamine,ACMANA,C00645,1,m,,,,
0,179,13.5,-2.8,UDP-N-Acetyl-D-Glucosamine,UACGAM,C00043,1,m,,,,
0,180,14.8,-2.8,UDP-N-Acetyl-D-Galactosamine,UDPACGAL,C00203,1,m,,,,
0,181,15,-3.7,UDP-N-acetyl-3-(1-carboxyvinyl)-D-glucosamine,UACCG,C04631,0,m,23,,,
0,182,15.6,-5,N-Acetyl-Neuraminate-9P,N-Acetyl-Neuraminate-9P,C06241,0,m,67,,,
0,183,16.1,-2.8,Malonate,Malonate,C00383,1,m,52|23,,,
0,184,17.3,-3.7,UDP-N-Acetylmuramate,UAMR,C01050,1,m,,,,
0,185,17.5,-2.8,Malonate Semialdehyde,Malonate Semialdehyde,C00222,1,m,52|23,3-Oxopropanoate,,
0,186,17.8,-5,N-Acetylneuraminate (Sialate),ACNAM,C00270,0,m,67,,,
0,187,18.1,-3.1,D-Alanine,ALA_D,C00133,1,m,59,,,
0,188,18.3,-2.7,L-Aspargine,ASN_L,C00152,0,m,24,,,
0,189,18.7,-5,CMP-N-Acetyl-Neuraminate (CMP-Sialate),CMP-N-Acetyl-Neuraminate (CMP-Sialate),C00128,1,m,,,,
0,190,19,-3.1,L-a-Alanine,ALA_L,C00041,1,m,,,,
0,191,19.7,-2.7,L-Aspartate,ASP_L,C00049,1,m,27,,,
0,192,20.6,-3.3,B-Alanine,ALA_B,C00099,1,m,52,,,
0,193,20.6,-2.7,4-Aspartyl-P,4PASP,C03082,0,m,27,,,
0,194,21.5,-2.7,L-Aspartate-4-Semialdehyde,ASPSA,C00441,0,m,27,,,
0,195,21.5,-4.2,Carnosine,Carnosine,C00386,0,m,52,,,
0,196,21.6,-3.3,(R)-Pantothenate,PNTO_R,C00864,1,m,,,,
0,197,22.8,-3.7,O-Succinyl-L-Homoserine,SUCHMS,C01118,0,m,28,,,
0,198,22.8,-2.7,L-Homoserine,HOM_L,C00263,0,m,27|28,,,
0,199,14.2,-4.7,Phosphoenolpyruvate,PEP,C00074,1,m,,,,
0,200,13.9,-3.5,Phosphoenolpyruvate,PEP,C00074,1,m,,,,
0,201,9,-7.5,7P-2-Dehydro-3-Deoxy-D-arabinoheptonate,2DDA7P,C04691,0,m,48,,,
0,202,9.1,-4.1,Phosphoenolpyruvate,PEP,C00074,1,m,,,,
0,203,9.9,-7.5,3-Dehydroquinate,3DHQ,C00944,0,m,48,,,
0,204,10.2,-6.7,Quinate,Quinate,C00296,0,m,48,,,
0,205,10.8,-7.5,3-Dehydroshikimate,3DHSHK,C02637,0,m,48,,,
0,206,11.2,-6.6,Ubiquinol,QH2,C00390,1,m,15,,,
0,207,11.2,-5.8,Phylloquinol,Phylloquinol,C03313,1,m,,,,
0,208,11.2,-5.6,Menaquinol,MQL8,C05819,1,m,,,,
0,209,11.7,-7.5,Shikimate,SKM,C00493,0,m,48,,,
0,210,12.6,-7.5,Shikimate-5P,SKM5P,C03175,0,m,48,,,
0,211,12.5,-6.6,2-Polyprenyl-6-hydroxyphenol,2-Polyprenyl-6-hydroxyphenol,C17551,0,m,15,,,
0,212,12.5,-5.7,"1,4-Dihydroxy-2-Naphthoate",DHNA,C03657,0,m,,,,
0,213,13.3,-6.6,2-Polyprenylphenol,2-Polyprenylphenol,C05807,0,m,15,,,
0,214,13.3,-5.7,2-Succinylbenzoate,SUCBZ,C02730,0,m,,,,
0,215,13.8,-7.5,5-O-(1-carboxyvinyl)-3-phosphoshikimate,3psme,C01269,0,m,48,,,
0,216,14.4,-6.6,4-Hydroxybenzoate,4HBZ,C00156,0,m,15,,,
0,217,14.4,-5.7,Isochorismate,ICHOR,C00885,0,m,,,,
0,218,14.9,-7.5,Chorismate,CHOR,C00251,0,m,48|15,,,
0,219,16,-8.1,Prephenate,PPHN,C00254,0,m,48,,,
0,220,16,-6.9,Anthranilate,ANTH,C00108,0,m,,,,
0,221,16,-5.8,Catechol,Catechol,C00090,0,m,43,,,
0,222,16.9,-8.1,4-Hydroxyphenylpyruvate,34HPP,C01179,0,m,39|48,,,
0,223,16.9,-7.4,Phenylpyruvate,PHPYR,C00166,0,m,41|48,,,
0,224,17,-6.4,2-hydroxymuconate semialdehyde,2-hydroxymuconate semialdehyde,C00682,0,m,43,,,
0,225,17,-5.6,"cis,cis-Muconate","cis,cis-Muconate",C02480,0,m,43,,,
0,226,18.25,-5.6,3-Oxoadipate enol-lactone,3-Oxoadipate enol-lactone,C03586,0,m,43,,,
0,227,18.7,-6.4,2-Oxopent-4-enoate,OP4EN,C00596,0,m,43,,,
0,228,19.15,-5.6,3-Oxoadipate,3-Oxoadipate,C00846,0,m,43,,,
0,229,20,-6.4,4-Hydroxy-2-oxovalerate,4H2OPNTN,C03589,0,m,43,,,
0,230,20.6,-5.6,3-Oxoadipyl-CoA,3-Oxoadipyl-CoA,C02232,0,m,43,,,
0,231,1.3,-9.8,Pyruvate,PYR,C00022,1,sm,6, ,accidentally was omitted,
0,232,20.9,-6.2,Acetaldehyde,ACALD,C00084,1,m,43,,,
0,233,21.2,-5.4,Acetyl-CoA,ACCOA,C00024,1,m,43,,,
0,234,21.4,-6.4,Pyruvate,PYR,C00022,1,sm,43,,,
0,235,21.5,-5.6,Succinyl-CoA,SUCCOA,C00091,1,m,43,,,
0,236,18.6,-8.1,L-Tyrosine,TYR_L,C00082,0,m,39|48|142,,,
0,237,18.6,-7.4,L-Phenylalanine,PHE_L,C00079,0,m,41|142,,,
0,238,20,-8.1,L-Tyrosyl-tRNA(Tyr),TRNATYR,C02839,1,m,142,,,
0,239,20,-7.4,L-Phenylalanyl-tRNA(Phe),PHETRNA,C03511,1,m,142,,,
0,240,20.8,-6.9,N-(5-Phospho-D-ribosyl)anthranilate,PRAN,C04302,0,m,,,,
0,241,21.9,-6.9,1-(2-Carboxyphenylamino)-1-deoxy-D-ribulose 5-phosphate,2CPR5P,C01302,0,m,,,,
0,242,23.2,-6.9,Indoleglycerol phosphate,3IG3P,C03506,0,m,,,,
0,243,24.5,-6.9,Indole,INDOLE,C00463,0,m,,,,
0,244,25.8,-6.9,L-Tryptophan,TRP_L,C00078,0,m,,,,
0,245,24.8,-5,L-Serine,SER_L,C00065,1,m,,,,
0,246,9.9,-9,Phosphoribosyl-ATP,PRBATP,C02739,0,m,38,,,
0,247,11,-9,Phosphoribosyl-AMP,PRBAMP,C02741,0,m,38,,,
0,248,12,-9,Phosphoribosyl-formimino-AICAR-P,PRFP,C04896,0,m,38,,,
0,249,13,-9,Phosphoribulosyl-formimino-AICAR-P,PRLP,C04916,0,m,38,,,
0,250,14,-9,D-erythro-Imidazole-glycerol-P,EIG3P,C04666,0,m,38,,,
0,251,14.8,-9,Imidazole-acetol-P,IMACP,C01267,0,m,38,,,
0,252,15.6,-9,L-Histidinol-P,HISP,C01100,0,m,38,,,
0,253,16.4,-9,L-Histidinol,HISTD,C00860,0,m,38,,,
0,254,17.1,-9.4,L-Histidyl-tRNA(His),HISTRNA,C02988,0,s,38,,,
0,255,17.2,-9,L-Histidine,HIS_L,C00135,1,m,38,,,
0,256,18.4,-9.4,Urocanate,Urocanate,C00785,0,m,38,,,
0,257,18.4,-8.6,Histamine,Histamine,C00388,0,m,38,,,
0,258,19,-8.8,N-Methylhistamine,N-Methylhistamine,C05127,0,m,38,,,
0,259,19.2,-9.4,4-Imidazolone-5-propanoate,4-Imidazolone-5-propanoate,C03680,0,m,38,,,
0,260,19.2,-8.6,Imidazole acetaldehyde,Imidazole acetaldehyde,C05130,0,m,38,,,
0,261,20,-9.4,N-Formimino-L-glutamate,N-Formimino-L-glutamate,C00439,1,m,38,,,
0,262,20,-8.7,Hydantoin-5-propionate,Hydantoin-5-propionate,C05565,1,m,38,,,
0,263,20.9,-8.7,N-Carbamyl-L-glutamate,N-Carbamyl-L-glutamate,C05829,0,m,38,,,
0,264,21.1,-9.4,L-Glutamate,GLU_L,C00025,1,m,38,,,
0,265,17.2,-10,5'-Phosphoribosyl-5-amino-4-imidazolecarboxamide,AICAR,C04677,1,m,38|20,,,
0,266,9.8,-10,5'-Phosphoribosylglycinamide,GAR,C03838,1,m,20,,,
0,267,11.2,-10,5'-Phosphoribosyl-N-formylglycinamide,FGAM,C04376,1,m,20,,,
0,268,12.8,-10,5'-Phosphoribosyl-N-formylglycinamidine,FPRAM,C04640,0,m,20,,,
0,269,13.8,-10,5'-Phosphoribosyl-5-aminoimidazole,AIR,C03373,0,m,20,,,
0,270,14.8,-10,5'-Phosphoribosyl-4-carboxy-5-aminoimidazole,5AIZC,C04751,0,m,20,,,
0,271,16,-10,1-(5'-Phosphoribosyl)-4-(N-succinocarboxamide)-5-aminoimidazole,25AICS,C04823,0,m,20,,,
0,272,19,-10,5'-Phosphoribosyl-5-formamido-4-imidazolecarboxamide,FPRICA,C04734,1,m,20,,,
0,273,20.4,-10.3,Inosine 5'-phosphate,IMP,C00130,1,m,20,,,
0,274,22.1,-10.3,Adenylosuccinate,DCAMP,C03794,0,m,20,,,
0,275,23.2,-10.3,Adenosine 5'-phosphate,AMP,C00020,1,m,20,,,
0,276,24.3,-10.3,Adenosine 5'-diphosphate,ADP,C00008,1,m,20,,,
0,277,25.5,-10.3,Adenosine 5'-triphosphate,ATP,C00002,1,m,20,,,
0,278,26.7,-10.3,Ribonucleic acid,RNA,C00046,1,m,20,,,
0,279,21,-8.1,Homogentisate,Homogentisate,C00544,0,m,39,,,
0,280,21.9,-8.1,4-Maleylacetoacetate,4-Maleylacetoacetate,C01036,0,m,39,,,
0,281,23.2,-8.1,4-Fumarylacetoacetate,4-Fumarylacetoacetate,C01061,0,m,39,,,
0,282,24.3,-8.1,Acetoacetate,ACAC,C00164,1,m,39,,,
0,283,24.6,-7.7,Fumarate,FUM,C00122,1,m,39,,,
0,284,25.5,-7.8,L-Tryptophanyl-tRNA(Trp),TRPTRNA,C03512,1,m,,,,
0,285,21.9,-7.6,a-Tocopherol (Vitamin E),Tocopherols (Vitamin E),C02477,1,m,15,,,
0,286,21.9,-7.4,Plastoquinone,Plastoquinone,C02061,1,m,15,,,
0,287,22.4,-9.4,Dihydroxy-L-phenylalanine,Dihydroxy-L-phenylalanine,C00355,0,m,39,,,
0,288,23.4,-9.4,Dopamine,DOPA,C03758,0,m,39,,,
0,289,24.4,-9.4,Norepinephrine,Norepinephrine,C00547,0,m,39,,,
0,290,25.6,-9.4,L-Epinephrine,L-Epinephrine,C00788,0,m,39,,,
0,291,22.4,-8.7,3-Iodo-L-tyrosine,3-Iodo-L-tyrosine,C02515,0,m,39,,,
0,292,23.4,-8.7,"3,5-Diiodotyrosine","3,5-Diiodotyrosine",C01060,0,m,39,,,
0,293,24.5,-9,Triiodothyronine,Triiodothyronine,C02465,0,m,39,,,
0,294,25.2,-8.7,Thyroxine,Thyroxine,C01829,0,m,39,,,
0,295,23.6,-6.4,"L-2,3-Dihydrodipicolinate",23DHDP,C03340,0,m,,,,
0,296,23.8,-5.4,L-Homocysteine,HCYS_L,C00155,1,m,28,,,
0,297,23.8,-4.4,L-Cystathionine,CYST_L,C02291,0,m,28,,,
0,298,23.8,-3.4,2-Oxobutyrate,2OBUT,C00109,1,m,28|100,,,
0,299,23.8,-2.7,O-Phospho-L-homoserine,PHOM,C01102,0,m,27,,,
0,300,24,-1.9,L-2-Amino-acetoacetate,2AOBUT,C03508,0,m,,,,
0,301,24,-1.3,2-Amino-3-oxoadipate,2-Amino-3-oxoadipate,C05520,0,m,,,,
0,302,24,0,5-Aminolevulinate,5AOP,C00430,0,m,27|119,,,
0,303,24,0.8,L-Glutamate 1-semialdehyde,GLU1SA,C03741,0,m,119,,,
0,304,24.7,-1.3,Succinate semialdehyde,SUCSAL,C00232,0,m,,,,
0,305,24.7,1.4,4-Aminobutyrate,4ABUT,C00334,0,m,103|35,,,
0,306,24.8,-3.8,L-Cysteine,CYS_L,C00097,1,m,28,,,
0,307,25.1,-3.4,2-Hydroxybutyrate,2-Hydroxybutyrate,C05984,0,m,28|100,,,
0,308,25.1,-2.7,L-Threonine,THR_L,C00188,1,m,27,,,
0,309,25.5,-1.3,4-Hydroxybutyrate,4-Hydroxybutyrate,C00989,0,m,103,,,
0,310,25.8,-0.9,4-Hydroxybutyryl-CoA,4-Hydroxybutyryl-CoA,C11062,0,m,103,,,
0,311,25.7,0,Porphobilinogen,PPBNG,C00931,0,m,119,,,
0,312,25.1,-1.9,Aminoacetone,AACT,C01888,0,m,27,,,
0,313,25.8,-2.5,Acetaldehyde,ACALD,C00084,1,m,,,,
0,314,25.7,-5.4,S-Adenosyl-L-homocysteine,AHCYS,C00021,1,m,,,,
0,315,26,-4.4,O-Acetyl-L-serine,ACSER,C00979,0,m,28,,,
0,316,26,-2.7,Glycine,GLY,C00037,1,m,27,,,
0,317,26.3,-1.9,Methylglyoxal,MTHGXL,C00546,0,m,90,,,
0,318,26.3,-1.3,(R)-1-Aminopropan-2-ol,(R)-1-Aminopropan-2-ol,C03194,0,m,27,,,
0,319,27.5,-5.4,S-Adenosyl-L-methionine,AMET,C00019,1,m,,,,
0,320,26,-4.1,Hydrogen sulfide,H2S,C00283,0,sm,130,,,
0,321,27.5,-4.3,3-Mercaptopyruvate,MERCPPYR,C00957,0,m,28,,,
0,322,27.6,-3.6,L-Cystine,L-Cystine,C00491,0,m,28,,,
0,323,28,-3.1,3-Sulfinoalanine,3SALA,C00606,0,m,,,,
0,324,28,-2.6,L-Cysteate,L-Cysteate,C00506,0,m,,,,
0,325,28.3,-5.4,L-Methionine,MET_L,C00073,1,m,,,,
0,326,28.8,-4.3,Pyruvate,PYR,C00022,1,m,28,,,
0,327,28.8,-3.6,Thiocysteine,Thiocysteine,C01962,0,m,28,,,
0,328,28.8,-3.1,Hypotaurine,Hypotaurine,C00519,0,m,,,,
0,329,28.8,-2.6,Taurine,TAUR,C00245,0,m,,,,
0,330,29.5,-6.2,L-Methionyl-tRNA(Met),METTRNA,C02430,1,m,28,,,
0,331,29.5,-5.4,L-Methioninesulfoxide,MET_SOX_L,C02989,0,m,28,,,
0,332,30.1,-4.3,3-Sulfinylpyruvate,3-Sulfinylpyruvate,C05527,0,m,,,,
0,333,30.6,-5.4,L-Formylmethionyl-tRNA,FMETTRNA,C03294,1,m,,,,
0,334,31.5,-4.9,Sulfite,SO3,C00094,0,sm,130,,,
0,335,31.2,-3.4,"Adenosine 3',5'-bisphosphate",PAP,C00054,1,m,130,,,
0,336,32.6,-4.9,Sulfate,SO4,C00059,0,sm,130,,,
0,337,34,-4.9,Adenylyl sulfate,APS,C00224,0,m,130,,,
0,338,35.2,-4.9,3'-Phosphoadenylyl sulfate,PAPS,C00053,1,m,130,,,
0,339,37.7,-4.9,"Adenosine 3',5'-bisphosphate",PAP,C00054,1,m,130,,,
0,340,30.1,-2.5,(R)-Methylmalonyl-CoA,MMCOA_R,C01213,1,m,100,,,
0,341,31.3,-2.6,(S)-Methylmalonyl-CoA,MMCOA_S,C00683,0,m,100,,,
0,342,33.5,-3.6,Propionyladenylate,Propionyladenylate,C05983,0,m,100,,,
0,343,33.5,-2.7,Propionyl-CoA,PPCOA,C00100,1,m,100,,,
0,344,34.6,-3.6,Propionate,PPA,C00163,0,m,100,,,
0,345,34.6,-2.7,Acryloyl-CoA,Acryloyl-CoA,C00894,0,m,100,,,
0,346,35.2,-3.6,Lactoyl-CoA,Lactoyl-CoA,C00827,0,m,100,,,
0,347,35.6,-2.7,3-Hydroxypropionyl-CoA,3-Hydroxypropionyl-CoA,C05668,0,m,100,,,
0,348,36.6,-3.6,Pyruvate,PYR,C00022,1,m,100,,,
0,349,36.7,-2.7,3-Hydroxypropionate,3-Hydroxypropionate,C01013,0,m,100,,,
0,350,37.8,-3.6,Malonate,Malonate,C00383,1,m,100|52,,,
0,351,37.8,-2.7,Malonate semialdehyde,Malonate semialdehyde,C00222,1,m,100,,,
0,352,38.9,-3.6,Malonyl-CoA,Malonyl-CoA,C00083,1,m,100|52,,,
0,353,38.9,-2.7,Acetyl-CoA,ACCOA,C00024,1,m,100,,,
0,354,40.6,-6.8,Butyraldehyde,BTAL,C01412,0,m,103,,,
0,355,40.6,-7.5,1-Butanol,1-Butanol,C06142,0,m,103,,,
0,356,40.7,-4.1,Acetoacetate,ACAC,C00164,0,m,100|103,,,
0,357,40.7,-5.3,Acetone,Acetone,C00207,0,m,100,,,
0,358,40.7,-6,2-Propanol,2-Propanol,C01845,1,m,100,,,
0,359,41.4,-2.7,Acetoacetyl-CoA,AACOA,C00332,0,m,100,,,
0,360,41.4,-4.1,(S)-3-Hydroxybutyryl-CoA,3HBCOA,C01144,0,m,103,,,
0,361,41.4,-5.3,Crotonyl-CoA,B2COA,C00877,0,m,103,,,
0,362,41.4,-6,Butyryl-CoA,BTCOA,C00136,0,m,103,,,
0,363,41.4,-6.8,Butyryl phosphate,Butyryl phosphate,C02527,0,m,103,,,
0,364,41.4,-7.5,Butyrate,BUT,C00246,0,m,103,,,
0,365,20.4,-11.5,Inosine,INS,C00294,0,m,20,,,
0,366,20.4,-12.7,Xanthosine,XTSN,C01762,0,m,20,,,
0,367,20.4,-13.9,Xanthosine 5'-phosphate,XMP,C00655,0,m,20,,,
0,368,21.9,-11.5,Hypoxanthine,HXAN,C00262,0,m,20,,,
0,369,21.9,-12.7,Xanthine,XAN,C00385,0,m,20,,,
0,370,23.2,-11.5,Adenosine,AND,C00212,1,m,20,,,
0,371,23.2,-12.7,Guanosine,GSN,C00387,1,m,20,,,
0,372,23.2,-13.9,Guanosine 5'-phosphate,GMP,C00144,1,m,20,,,
0,373,24.3,-11.5,Adenine,ADE,C00147,1,m,20,,,
0,374,24.3,-12.7,Guanine,GUA,C00242,1,m,20,,,
0,375,24.3,-13.9,Guanosine 5'-diphosphate,GDP,C00035,1,m,20,,,
0,376,24.8,-12.7,Urate-3-ribonucleoside,Urate-3-ribonucleoside,C05513,0,m,20,,,
0,377,24.8,-11.1,Glycine,GLY,C00037,1,m,20,,,
0,378,25.6,-11.1,Formiminoglycine,Formiminoglycine,C02718,1,m,20,,,
0,379,25.6,-11.7,5-Ureido-4-imidazole carboxylate,5-Ureido-4-imidazole carboxylate,C05515,0,m,20,,,
0,380,25.6,-12.7,Urate,URATE,C00366,0,m,20,,,
0,381,25.5,-13.9,Guanosine 5'-triphosphate,GTP,C00044,1,m,20,,,
0,382,26.7,-11.1,Aminoimidazole,Aminoimidazole,C05239,0,m,20,,,
0,383,26.7,-11.7,5-Amino-4-imidazole carboxylate,5-Amino-4-imidazole carboxylate,C05516,0,m,20,,,
0,384,26.7,-12.7,Allantoin,ALLTN,C01551,0,m,20,,,
0,385,26.7,-13.9,Ribonucleic acid,RNA,C00046,1,m,20,,,
0,386,27.4,-11.7,Urea,UREA,C00086,1,m,20,,,
0,387,27.5,-11.1,Glyoxylate,GLX,C00048,1,m,20,,,
0,388,27.6,-12.7,Allantoate,ALLTT,C00499,0,m,20,,,
0,389,27.8,-11.7,Ureidoglycolate,URDGLYC,C00603,0,m,20,,,
0,390,27.8,-11.1,Urea,UREA,C00086,1,m,20,,,
0,391,27.5,-7,"delta1-Piperidine-2,6-dicarboxylate",THDP,C03972,0,m,32,,,
0,392,28.7,-7,N-Succinyl-L-2-amino-6-oxopimelate,SL2A6O,C04462,0,m,32,,,
0,393,30.1,-7,"N-Succinyl-LL-2,6-diaminopimelate",SL26DA,C04421,0,m,32,,,
0,394,31.5,-7,"LL-2,6-Diaminopimelate",26DAP_LL,C00666,0,m,32,,,
0,395,31.5,-6,Glutarate,Glutarate,C00489,0,m,33,,,
0,396,32.7,-6,Glutaryl-CoA,Glutaryl-CoA,C00527,0,m,33|43,,,
0,397,32.9,-7,"meso-2,6-Diaminopimelate",26DAP_M,C00680,0,m,32,,,
0,398,34.2,-7,L-Lysine,LYS_L,C00047,0,m,32,,,
0,399,34.3,-6,Crotonyl-CoA,B2COA,C00877,1,m,33|43,,,
0,400,34.6,-6.3,L-Lysyl-tRNA(Lys),LYSTRNA,C01931,1,m,33,,,
0,401,35.2,-7,N6-Acetyl-L-lysine,N6-Acetyl-L-lysine,C02727,0,m,33,,,
0,402,35.7,-6.5,Cadaverine,15DAP,C01672,0,m,33,,,
0,403,36.2,-7,2-Oxo-6-acetamidocaproate,2-Oxo-6-acetamidocaproate,C05548,0,m,33,,,
0,404,37.5,-7,2-Oxo-6-aminocaproate,2-Oxo-6-aminocaproate,C03239,0,m,33,,,
0,405,34.9,-5.9,Protein lysine,Protein lysine,C02188,0,m,33,,,
0,406,37.5,-6.5,5-Phosphonooxy-L-lysine,5-Phosphonooxy-L-lysine,C03366,0,m,33,,,
0,407,36.4,-5.9,Procollagen L-erythro-5-hydroxylysine,Procollagen L-erythro-5-hydroxylysine,C01211,0,m,33,,,
0,408,37.5,-5.7,Procollagen 5-(D-galactosyloxy)-L-lysine,Procollagen 5-(D-galactosyloxy)-L-lysine,C04487,0,m,33,,,
0,409,37.6,-8.3,alpha-Aminoadipoyl-S-acyl enzyme,Aminoadip.-S,C05535,0,m,32,,,
0,410,37.4,-8,delta1-Piperideine-2-carboxylate,delta1-Piperideine-2-carboxylate,C04092,0,m,33,,,
0,411,36.6,-8.3,L-2-Aminoadipate adenylate,L-2-Aminoadipate adenylate,C05560,0,m,32,,,
0,412,36.2,-8,L-Pipecolate,L-Pipecolate,C00408,0,m,33,,,
0,413,34.9,-8,delta6-Piperideine-2-L-carboxylate,delta6-Piperideine-2-L-carboxylate,C00450,0,m,33,,,
0,414,34.2,-8,Saccharopine,Saccharopine,C00449,0,m,32,,,
0,415,32.9,-8,2-Aminoadipate 6-semialdehyde,2-Aminoadipate 6-semialdehyde,C04076,0,m,33,,,
0,416,31.5,-8,L-2-Aminoadipate,L-2-Aminoadipate,C00956,0,m,32,,,
0,417,30.2,-8,2-Oxoadipate,2-Oxoadipate,C00322,0,m,32,,,
0,418,29.4,-8,Oxaloglutarate,Oxaloglutarate,C05533,0,m,32,,,
0,419,28.6,-8,Homoisocitrate,Homoisocitrate,C05662,0,m,32,,,
0,420,27.8,-8,Homo-cis-aconitate,Homo-cis-aconitate,C04002,0,m,32,,,
0,421,27,-8,Homocitrate,Homocitrate,C01251,0,m,32,,,
0,422,26.2,-8,2-Oxoglutarate,AKG,C00026,1,sm,,,,
0,423,26.2,-7.6,Acetyl-CoA,ACCOA,C00024,1,m,,,,
0,424,38.4,-8.3,L-2-Aminoadipate,L-2-Aminoadipate,C00956,0,m,34,,,
0,425,38.6,-8.8,L-Cysteine,CYS_L,C00097,1,s,34,,,
0,426,38.9,-8.8,L-Valine,VAL_L,C00183,1,s,34,,,
0,427,38.9,-8,delta-(L-2-Aminoadipyl)-L-cysteinyl-D-valine,delta-(L-2-Aminoadipyl)-L-cysteinyl-D-valine,C05556,0,m,34,,,
0,428,38.9,-6.9,Isopenicillin N,Isopenicillin N,C05557,0,m,34,,,
0,429,38.5,-5.7,Deacetylcephalosporin C,Deacetylcephalosporin C,C03112,0,m,34,,,
0,430,38.5,-4.7,Cephalosporin C,Cephalosporin C,C00916,0,m,34,,,
0,431,39.5,-5.7,Penicillin G,Penicillin G,C05551,0,m,34,,,
0,432,39.1,-4.8,6-Aminopenicillanate,6-Aminopenicillanate,C02954,0,m,34,,,
0,433,39.9,-4.2,Penicilloic acid,Penicilloic acid,C06567,0,m,34,,,
0,434,31.4,-9.3,5-Hydroxyindoleacetate,5-Hydroxyindoleacetate,C05635,0,m,47,,,
0,435,31.4,-8.8,Indoleacetate,Indoleacetate,C00954,0,m,47,,,
0,436,30.1,-9.3,5-Hydroxyindoleacetaldehyde,5-Hydroxyindoleacetaldehyde,C05634,0,m,47,,,
0,437,30.1,-8.7,Indoleacetaldehyde,Indoleacetaldehyde,C00637,0,m,47,,,
0,438,29.1,-9.7,Bufotenine,Bufotenine,C08299,0,m,47,,,
0,439,28.8,-9.3,Serotonin,Serotonin,C00780,0,m,47,,,
0,440,28.8,-8.7,Tryptamine,Tryptamine,C00398,0,m,47,,,
0,441,28.5,-9.7,Melatonin,Melatonin,C01598,0,m,47,,,
0,442,27.7,-8.8,Indolelactate,Indolelactate,C02043,0,m,47,,,
0,443,26.9,-9.3,5-Hydroxy-L-tryptophan,5-Hydroxy-L-tryptophan,C00643,0,m,47,,,
0,444,26.9,-8.9,Indolepyruvate,Indolepyruvate,C00331,0,m,47,,,
0,445,28.6,-13.9,2'-Deoxyguanosine 5'-phosphate,DGMP,C00362,0,m,20,,,
0,446,28.6,-12.7,2'-Deoxyguanosine,DGSN,C00330,0,m,20,,,
0,447,28.6,-11.5,2'-Deoxyadenosine,DAD_2,C00559,1,m,20,,,
0,448,28.6,-10.3,2'-Deoxyadenosine 5'-phosphate,DAMP,C00360,0,m,20,,,
0,449,29.6,-13.9,2'-Deoxyguanosine 5'-diphosphate,DGDP,C00361,0,m,20,,,
0,450,29.6,-10.3,2'-Deoxyadenosine 5'-diphosphate,DADP,C00206,0,m,20,,,
0,451,30.1,-12.7,Guanine,GUA,C00242,1,m,20,,,
0,452,30.1,-11.5,Adenine,ADE,C00147,1,m,20,,,
0,453,30.8,-13.9,2'-Deoxyguanosine 5'-triphosphate,DGTP,C00286,1,m,20,,,
0,454,30.8,-10.3,2'-Deoxyadenosine 5'-triphosphate;,DATP,C00131,1,m,20,,,
0,455,31.8,-13.9,Deoxyribonucleic acid,DNA,C00039,0,m,20,,,
0,456,31.8,-10.3,Deoxyribonucleic acid,DNA,C00039,0,m,20,,,
0,457,33.5,-6,Glutaconyl-CoA,Glutaconyl-CoA,C02411,0,m,43,,missed a compound in Lysine degradation,
0,458,33.2,-9.5,Anthranilate,ANTH,C00108,0,m,47,,,
0,459,33.2,-8.8,N-Formylkynurenine,N-Formylkynurenine,C02700,0,m,47,,,
0,460,34,-9.5,Kynurenate,Kynurenate,C01717,0,m,47,,,
0,461,34.7,-10.2,Quinolinate,QULN,C03722,0,m,47,,,
0,462,34.7,-9.5,Xanthurenate,Xanthurenate,C02470,0,m,47,,,
0,463,34.6,-8.8,L-Kynurenine,L-Kynurenine,C00328,0,m,47,,,
0,464,34.9,-10.6,Picolinate,Picolinate,-7,0,m,,,,
0,465,35.7,-11.6,2-Aminomuconate,2-Aminomuconate,C02220,0,m,47,,,
0,466,35.7,-10.9,2-Aminomuconate semialdehyde,2-Aminomuconate semialdehyde,C03824,0,m,47,,,
0,467,35.7,-10.2,2-Amino-3-carboxymuconate semialdehyde,2-Amino-3-carboxymuconate semialdehyde,C04409,0,m,47,,,
0,468,35.7,-9.5,3-Hydroxyanthranilate,3-Hydroxyanthranilate,C00632,0,m,47,,,
0,469,35.7,-8.8,3-Hydroxy-L-kynurenine,3-Hydroxykynurenine,C03227,0,m,47,,,
0,470,33.2,-14.2,NADH,NADH,C00004,0,m,,,,
0,471,33,-13.1,Nicotinamide adenine dinucleotide,NAD,C00003,1,m,112,,,
0,472,32.7,-11.8,Deamido-NAD,DNAD,C00857,0,m,112,,,
0,473,32.7,-11,Nicotinate ribonucleotide,Nicotinate ribonucleotide,C01185,0,m,112,,,
0,474,32.7,-10.2,Quinolinate nucleotide,Quinolinate nucleotide,-8,0,m,112,,,
0,475,33.7,-12.1,Nicotinamide nucleotide,NMN,C00455,0,m,112,,,
0,476,33.7,-11.5,Nicotinamide-beta-riboside,Nicotinamide-beta-riboside,C03150,0,m,112,,,
0,477,34.8,-14.2,NADPH,NADPH,C00005,0,m,,,,
0,478,34.6,-13.1,Nicotinamide adenine dinucleotide phosphate,NADP,C00006,1,m,112,,,
0,479,34.5,-11.8,Nicotinamide,NCAM,C00153,1,m,112,,,
0,480,34.5,-11,Nicotinate,NAC,C00253,1,m,112,,,
0,481,35,-11.6,6-Hydroxynicotinate,6-Hydroxynicotinate,C01020,0,m,112,,,
0,482,36,-12.7,"2,5-Dihydroxypyridine","2,5-Dihydroxypyridine",C01059,0,m,112,,,
0,483,36,-13.2,Maleamate,Maleamate,C01596,0,m,112,,,
0,484,36,-13.7,Maleate,Maleate,C01384,0,m,112,,,
0,485,36,-14.2,Fumarate,FUM,C00122,1,m,112,,,
0,486,36.9,-13.9,Guanosine 5'-triphosphate,GTP,C00044,1,m,116,,,
0,487,37.2,-10.2,"7,8-Dihydromethanopterin","7,8-Dihydromethanopterin",C05927,0,m,116,,,
0,488,37.2,-9.2,"5,6,7,8-Tetrahydromethanopterin",THMPT,C01217,1,m,116,,,
0,489,38.7,-12.8,6-Pyruvoyltetrahydropterin,6-Pyruvoyltetrahydropterin,C03684,0,m,116,,,
0,490,38.7,-12.1,"5,6,7,8-Tetrahydrobiopterin","5,6,7,8-Tetrahydrobiopterin",C00272,1,m,116,,,
0,491,38.7,-11.4,Dihydrobiopterin,Dihydrobiopterin,C00268,1,m,116,,,
0,492,38.6,-10.6,"(4-Aminophenyl)-1,2,3,4-tetrahydroxypentane","(4-Aminophenyl)-1,2,3,4-tetrahydroxypentane",none,0,m,,,,
0,493,38.9,-9.7,Folate,Folate,C00504,0,m,116,,,
0,494,38.9,-9.2,"5,6,7,8-Tetrahydrofolate",THF,C00101,1,m,116,,,
0,495,39.7,-10.6,4-Aminobenzoate,4ABZ,C00568,1,m,116,,,
0,496,39.8,-12.2,D-erythro-Neopterin,Neopterin,C05926,0,m,116,,,
0,497,41,-13.9,"2-Amino-4-hydroxy-6-(erythro-1,2,3-trihydroxypropyl)dihydropteridine triphosphate",AHDT,C04895,0,m,116,,,
0,498,41,-12.9,Dihydroneopterin,DHNPT,C04874,0,m,116,,,
0,499,40.7,-12.1,Glycolaldehyde,GCALD,C00266,1,m,116,,,
0,500,41,-11.9,"2-Amino-4-hydroxy-6-hydroxymethyl-7,8-dihydropteridine","2-Amino-4-hydroxy-6-hydroxymethyl-7,8-dihydropteridine",C01300,0,m,116,,,
0,501,41,-11,"2-Amino-4-hydroxy-6-hydroxymethyl-7,8-dihydropteridine diphosphate","2-Amino-4-hydroxy-6-hydroxymethyl-7,8-dihydropteridine diphosphate",C04807,0,m,116,,,
0,502,41,-10.1,"7,8-Dihydropteroate",DHPT,C00921,0,m,116,,,
0,503,41,-9.2,"7,8-Dihydrofolate",DHF,C00415,1,m,116,,,
0,504,0.5,3.3,"7,8-Dihydrofolate",DHF,C00415,1,m,105,,,start lower left
0,505,0.5,4.4,"5,6,7,8-Tetrahydrofolate",THF,C00101,1,m,105|108,,,
0,506,0.8,5,5'-Phosphoribosyl-N-formylglycinamide,FGAM,C04376,1,m,105,,,
0,507,0.8,5.25,5'-Phosphoribosyl-5-formamido-4-imidazolecarboxamide,FPRICA,C04734,1,m,105,,,
0,508,1.7,5,5'-Phosphoribosylglycinamide,GAR,C03838,1,m,105,,,
0,509,1.7,5.25,5'-Phosphoribosyl-5-amino-4-imidazolecarboxamide,AICAR,C04677,1,m,105,,,
0,510,1.6,6,5-Formiminotetrahydrofolate,5-Formimino-THF,C00664,1,m,105,,,
0,511,2,4.4,10-Formyltetrahydrofolate,10FTHF,C00234,1,m,105,,,
0,512,1.15,3.9,Formate,Form,C00058,1,m,105,,,
0,513,2.3,5.6,Acetate,AC,C00033,1,m,108,,,
0,514,2.4,6,Acetyl-CoA,ACCOA,C00024,1,m,108,,,
0,515,3,3.5,5-Formyltetrahydrofolate,5-Formyl-THF,C03479,0,m,105,,,
0,516,3,4.4,"5,10-Methenyltetrahydrofolate",METHF,C00445,1,m,105,,,
0,517,3.1,5.9,5-Methyltetrahydrofolate,5MTHF,C00440,1,m,105|108,,,
0,518,3.9,4.4,"5,10-Methylenetetrahydrofolate",MLTHF,C00143,1,m,105,,,
0,519,1,6.9,"5,6,7,8-Tetrahydromethanopterin",THMPT,C01217,1,m,106,,,
0,520,0.1,8.2,Methanofuran,MFR,C00862,0,m,106,,,
0,521,0.9,8.4,Formylmethanofuran,Formyl-MFR,C01001,0,m,106,,,
0,522,1.7,8.4,"5-Formyl-5,6,7,8-tetrahydromethanopterin",5-Formyl-THMPT,C01274,0,m,106,,,
0,523,1.7,7.5,Methane,CH4,C01438,0,m,106,,,
0,524,2.5,8.4,"5,10-Methenyl-5,6,7,8-tetrahydromethanopterin","5,10-Methenyl-THMPT",C04330,0,m,106,,,
0,525,2.5,7.5,Methyl-CoM,Methyl-CoM,C03920,0,m,106,,,
0,526,2.7,8.8,Reduced coenzyme F420,Reduced coenzyme F420,C01080,0,m,106,,,
0,527,3.1,8.8,Coenzyme F420,Coenzyme F420,C00876,0,m,106,,,
0,528,3,7.75,Coenzyme M,CoM,C03576,0,m,106,,,
0,529,3.3,8.4,"5,10-Methylenetetrahydromethanopterin","5,10-Methylene-THMPT",C04377,0,m,106,,,
0,530,3.3,7.5,"5-Methyl-5,6,7,8-tetrahydromethanopterin",5-Methyl-THMPT,C04488,0,m,106,,,
0,531,3.7,8.2,Reduced coenzyme F420,Reduced coenzyme F420,C01080,0,m,106,,,
0,532,3.7,7.7,Coenzyme F420,Coenzyme F420,C00876,0,m,106,,,
0,533,4.6,3.5,S-Aminomethyldihydrolipoylprotein,S-Aminomethyldihydrolipoylprotein,C01242,0,m,105,,,
0,534,0.9,3.3,N-Formimino-L-glutamate,N-Formimino-L-glutamate,C00439,1,m,,,,
0,535,1.2,3.3,L-Glutamate,GLU_L,C00025,1,m,,,,
0,536,1.7,7.75,SO3H(CH2)2-S-S-HTP,SO3H(CH2)2-S-S-HTP,-11,0,m,106,,,
0,537,0.1,9.2,L-threo-3-Methylaspartate,L-threo-3-Methylaspartate,C03618,0,m,104,,,
0,538,0.1,10,Methyloxaloacetate,Methyloxaloacetate,C06030,0,m,104,,,
0,539,0.1,11.9,Pyruvate,PYR,C00022,1,m,31,,,
0,540,0.3,13.9,"(R,R)-2,3-Butanediol","(R,R)-2,3-Butanediol",C03044,0,m,103,,,
0,541,0.8,10,L-Threonine,THR_L,C00188,1,m,31,,,
0,542,0.8,10.8,2-Oxobutyrate,2OBUT,C00109,0,m,104|31,,,
0,543,0.9,11.9,2-(a-Hydroxyethyl)ThPP,2-(a-Hydroxyethyl)ThPP,C05125,1,m,,,,
0,544,1.5,11.2,(S)-2-Aceto-2-hydroxybutanoate,2AHBUT,C06006,0,m,,,,
0,545,1.4,12.6,(S)-2-Acetolactate,ALAC_S,C06010,0,m,31,,,
0,546,1.4,13.4,(R)-Acetoin,(R)-Acetoin,C00810,0,m,103,,,
0,547,1.8,14.4,Pantothenol,Pantothenol,C05944,0,m,113,,,
0,548,1.8,11.9,Acetyl-CoA,ACCOA,C00024,1,m, ,,,
0,549,2.2,12.6,"(R)-2,3-Dihydroxy-isovalerate",23DHMB,C04272,0,m,,,,
0,550,2.3,11.2,"(R)-2,3-Dihydroxy-3-methylvalerate",23DHMP,C06007,0,m,31,,,
0,551,2,10.2,Dimethyl citraconate,Dimethyl citraconate,C05126,0,m,,,,
0,552,2.9,10.2,3-Isopropylmalate,3C2HMP,C04411,0,m,,,,
0,553,2.9,11.8,3-Carboxy-3-hydroxyisocaproate,3C3HMP,C02504,0,m,31,,,
0,554,2.9,13.6,2-Dehydropantoate,2DHP,C00966,0,m,113,,,
0,555,2.9,14.4,(R)-Pantoate,PANT_R,C00522,1,m,113,,,
0,556,3.3,9.6,2-Oxoisocaproate,4MOP,C00233,0,m,,,,
0,557,3.5,11.2,2-Oxo-3-methylvalerate,3MOP,C00671,0,m,,,,
0,558,3.6,12.6,2-Oxoisovalerate,3MOB,C00141,0,m,,,,
0,559,3.7,14.1,B-Alanine,ALA_B,C00099,1,m,,,,
0,560,4.5,13,L-Valine,VAL_L,C00183,1,m,,,,
0,561,4.6,11.7,L-Isoleucine,ILE_L,C00407,1,m,,,,
0,562,4.7,10.2,L-Leucine,LEU_L,C00123,1,m,,,,
0,563,4.9,12.1,Isobutyryl-CoA,Isobutyryl-CoA,C00630,0,m,,,,
0,564,4.9,14.4,(R)-Pantothenate,PNTO_R,C00864,1,m,,,,
0,565,4.9,11,2-Methylbutyryl-CoA,2-Methylbutyryl-CoA,C15980,0,m,29,,,
0,566,5.6,10.2,L-Leucyl-tRNA(Leu),LEUTRNA,C02047,1,m,,,,
0,567,5.5,11.7,L-Isoleucyl-tRNA(Ile),ILETRNA,C03127,1,m,,,,
0,568,5.3,13,L-Valyl-tRNA(Val),VALTRNA,C02554,1,m,,,,
0,569,5.7,11,Tiglyl-CoA,Tiglyl-CoA,C03345,0,m,29,,,
0,570,5.7,12.1,Methacrylyl-CoA,Methacrylyl-CoA,C03460,0,m,29,,,
0,571,5.7,13.3,N-Pantothenoylcysteine,N-Pantothenoylcysteine,C04079,0,m,113,,,
0,572,5.7,14.4,(R)-4'-Phosphopantothenate,4PPAN,C03492,0,m,113,,,
0,573,6,14.1,L-Cysteine,CYS_L,C00097,1,m,113,,,
0,574,6.5,11,(S)-3-Hydroxy-2-methylbutyryl-CoA,(S)-3-Hydroxy-2-methylbutyryl-CoA,C04405,0,m,29,,,
0,575,6.5,12.1,(S)-3-Hydroxyisobutyryl-CoA,(S)-3-Hydroxyisobutyryl-CoA,C06000,0,m,29,,,
0,576,6.5,13.3,Pantetheine,Pantetheine,C00831,0,m,113,,,
0,577,6.5,14.4,(R)-4'-Phosphopantothenoyl-L-cysteine,4PPCYS,C04352,0,m,113,,,
0,578,7.3,11,2-Methylacetoacetyl-CoA,2-Methylacetoacetyl-CoA,C03344,0,m,29,,,
0,579,7.3,12.1,(S)-3-Hydroxyisobutyrate,(S)-3-Hydroxyisobutyrate,C06001,0,m,29,,,
0,580,7.2,14,4'-Phosphopantetheine,PAN4P,C01134,1,m,113,,,
0,581,8,14,Dephospho-CoA,DPCOA,C00882,0,m,113,,,
0,582,8.1,10.7,Acetyl-CoA,ACCOA,C00024,1,m,29,,,
0,583,8.1,11.3,Propionyl-CoA,PPCOA,C00100,1,m,29,,,
0,584,8.1,12.1,(S)-Methylmalonate semialdehyde,(S)-Methylmalonate semialdehyde,C06002,0,m,29,,,
0,585,8.1,12.9,(S)-3-Amino-isobutyrate,(S)-3-Amino-isobutyrate,C03284,1,m,29,,,
0,586,8.9,12.1,(S)-Methylmalonyl-CoA,MMCOA,C00683,1,m,29,,,
0,587,9,14,Coenzyme A,COA,C00010,1,m,113,,,
0,588,4.9,9.4,Isovaleryl-CoA,Isovaleryl-CoA,C02939,0,m,29,,,
0,589,5.7,9.4,3-Methylcrotonyl-CoA,3-Methylcrotonyl-CoA,C03069,0,m,29,,,
0,590,6.5,10.1,3-Hydroxyisovaleryl-CoA,3-Hydroxyisovaleryl-CoA,C05998,0,m,29,,,
0,591,7.6,9.4,trans-3-Methylglutaconyl-CoA,trans-3-Methylglutaconyl-CoA,C03231,0,m,29,,,
0,592,9,9.4,(S)-3-Hydroxy-3-methylglutaryl-CoA,(S)-3-Hydroxy-3-methylglutaryl-CoA,C00356,0,m,29|103,,,
0,593,10.4,11.4,Mevalonate,Mevalonate,C00418,0,m,120,,,
0,594,10.4,13,5-Phosphomevalonate,5-Phosphomevalonate,C01107,0,m,120,,,
0,595,10.4,14.3,5-Diphosphomevalonate,5-Diphosphomevalonate,C01143,0,m,120,,,
0,596,11.5,14.3,delta3-Isopentenyl diphosphate,IPDP,C00129,0,m,120,,,
0,597,11.5,13.3,Dimethylallyl diphosphate,DMPP,C00235,0,m,120,,,
0,598,11.2,12.2,Rubber,Rubber,C02321,0,m,120,,,
0,599,12.6,14.3,Geranyl diphosphate,GRDP,C00341,0,m,120,,,
0,600,13.7,14.3,Farnesyl diphosphate,FRDP,C00448,0,m,120|12,,,
0,601,13.9,13.2,Geranylgeranyl diphosphate,Geranylgeranyl diphosphate,C00353,0,m,120,,,
0,602,15.1,14.3,Squalene,Squalene,C00751,0,m,12,,,
0,603,16.3,14.3,"(S)-Squalene-2,3-epoxide","(S)-Squalene-2,3-epoxide",C01054,0,m,12,,,
0,604,17.5,14.3,Lanosterol,Lanosterol,C01724,0,m,12,,,
0,605,17.5,14.8,Cycloartenol,Cycloartenol,C01902,0,m,12,,,
0,606,18.7,14.3,14-Demethyllanosterol,14-Demethyllanosterol,C05108,0,m,12,,,
0,607,20,14.3,"delta8,24-Cholestadien-3beta-ol",Zymosterol,C05437,0,m,12,,,
0,608,21,14.3,"5alpha-Cholesta-7,24-dien-3beta-ol","5alpha-Cholesta-7,24-dien-3beta-ol",C05439,0,m,12,,,
0,609,21.6,13.3,5alpha-Cholest-7-en-3beta-ol,Lathosterol,C01189,0,m,12,,,
0,610,22,14.8,"Cholesta-5,24-dien-3beta-ol (Desmosterol)",Desmosterol,C01802,0,m,12,,,
0,611,22.4,13.3,7-Dehydrocholesterol,7-Dehydrocholesterol,C01164,0,m,12,,,
0,612,23.8,13.2,Coprostanol,Coprostanol,-12,0,m,,,,
0,613,23.8,14,Cholesterol,Cholesterol,C00187,1,m,12|147|13|16,,,
0,614,23.8,14.8,Cholesterol ester,Cholesterol ester,C02530,1,m,12,,,
0,615,18.1,12.5,Vitamin D3,Vit D3,C05443,1,m,12,,,
0,616,25.2,14,Cholest-4-en-3-one,Cholest-4-en-3-one,C00599,0,m,147,,,
0,617,25.1,14.8,7alpha-Hydroxycholesterol,7alpha-Hydroxycholesterol,C03594,0,m,13,,,
0,618,26.5,14.8,7alpha-Hydroxycholest-4-en-3-one,7alpha-Hydroxycholest-4-en-3-one,C05455,0,m,13,,,
0,619,27.8,14.8,"7alpha,12alpha-Dihydroxy-4-cholesten-3-one","7alpha,12alpha-Dihydroxy-4-cholesten-3-one",C17339,0,m,13,,,
0,620,29.2,14.8,"7alpha,12alpha-Dihydroxy-5beta-cholestan-3-one","7alpha,12alpha-Dihydroxy-5beta-cholestan-3-one",C05453,0,m,13,,,
0,621,29.2,13.3,7alpha-Hydroxy-5beta-cholestan-3-one,7alpha-Hydroxy-5beta-cholestan-3-one,C05451,0,m,13,,,
0,622,31,14.8,"3alpha,7alpha,12alpha-Trihydroxy-5beta-cholestane","3alpha,7alpha,12alpha-Trihydroxy-5beta-cholestane",C05454,0,m,13,,,
0,623,31,13.3,"3alpha,7alpha-Dihydroxy-5beta-cholestane","3alpha,7alpha-Dihydroxy-5beta-cholestane",C05452,0,m,13,,,
0,624,32,14.8,"3alpha,7alpha,12alpha,26-Tetrahydroxy-5beta-cholestane","3alpha,7alpha,12alpha,26-Tetrahydroxy-5beta-cholestane",C05446,0,m,13,,,
0,625,32,13.3,Chenodeoxycholate,Chenodeoxycholate,C02528,0,m,13,,,
0,626,32.8,13,Lithocholate,Lithocholate,C03990,0,m,,,,
0,627,33.8,13.3,5beta-Cyprinolsulfate,5beta-Cyprinolsulfate,C05468,0,m,13,,,
0,628,33.5,14.8,"3alpha,7alpha,12alpha-Trihydroxy-5beta-cholestanoate","3alpha,7alpha,12alpha-Trihydroxy-5beta-cholestanoate",C04722,0,m,13,,,
0,629,35.4,13.3,5beta-Scymnol sulfate,5beta-Scymnol sulfate,C16261,0,m,,,,
0,630,35.1,14.8,"3alpha,7alpha,12alpha,24zeta-Tetrahydroxy-5beta-cholestanoyl-CoA","3alpha,7alpha,12alpha,24zeta-Tetrahydroxy-5beta-cholestanoyl-CoA",C05450,0,m,13,,,
0,631,37,13.3,Cholate,Cholate,C00695,0,m,13,,,
0,632,37,14.8,Choloyl-CoA,Choloyl-CoA,C01794,0,m,13,,,
0,633,38.7,13.3,"3alpha,12alpha-Dihydroxy-5beta-chol-6-enoate","3alpha,12alpha-Dihydroxy-5beta-chol-6-enoate",C11637,0,m,,,,
0,634,38.7,14.8,Taurocholate,Taurocholate,C05122,0,m,13,,,
0,635,40.2,13.3,Deoxycholate,Deoxycholate,C04483,0,m,,,,
0,636,40.2,14.8,Glycocholate,Glycocholate,C01921,0,m,13,,,
0,637,41.4,13.3,5beta-hydroxy-12-oxo-5beta-cholanate,5beta-hydroxy-12-oxo-5beta-cholanate,-13,0,m,,,,
0,638,37.5,14.4,Taurine,TAUR,C00245,1,m,13,,,
0,639,38.3,13.75,Glycine,GLY,C00037,1,m,13,,,
0,640,39.3,14.9,Glycine,GLY,C00037,1,m,13,,,
0,641,4.4,5.8,Sarcosine,SARCS,C00213,1,m,27,,,
0,642,4.35,6.6,Dimethylglycine,Dimethylglycine,C01026,1,m,27,,,
0,643,4.4,7.3,Betaine,GLYB,C00719,1,m,27,,,
0,644,4.7,5,Glycine,GLY,C00037,1,m,27,,,
0,645,4.85,6.1,Glyoxylate,GLX,C00048,1,m,27,,,
0,646,4.75,6.5,O-Acetylcholine,O-Acetylcholine,C01996,0,m,81,,,
0,647,4.9,7.9,Betaine aldehyde,BETALD,C00576,0,m,27,,,
0,648,5,5.3,Hydroxypyruvate,HPYR,C00168,,m,,,,
0,649,5.4,5.9,Ethanolamine,ETHA,C00189,1,m,,,,
0,650,5.5,6.9,Choline,CHOL,C00114,1,m,27|81,,,
0,651,5.6,3.4,Pyruvate,PYR,C00022,1,m,,,,
0,652,5.6,5,L-Serine,SER_L,C00065,1,m,,,,
0,653,5.25,4.7,"5,6,7,8-Tetrahydrofolate",THF,C00101,1,m,,,,
0,654,6.2,5.9,O-Phosphoethanolamine,O-Phosphoethanolamine,C00346,0,m,81,,,
0,655,6.3,6.9,O-Phosphocholine,O-Phosphocholine,C00588,1,m,81,,,
0,656,7,5.9,CDP-ethanolamine,CDP-ethanolamine,C00570,0,m,81,,,
0,657,7,4.7,"CDP-1,2-diacylglycerol",CDPDDDECG,C00269,1,m,81,,,
0,658,7.1,6.9,CDP-choline,CDP-choline,C00307,0,m,81,,,
0,659,8.1,5.9,(3-Phosphatidyl)-ethanolamine,PE120,C00350,0,m,81,,,
0,660,8.1,5,O3-Phosphatidyl-L-serine,PS120,C02737,1,m,27|81,,,
0,661,8.1,6.9,Lecithin,Lecithin,C00157,1,m,81,,,
0,662,6.4,4.4,myo-Inositol,INOST,C00137,1,m,79,,,
0,663,8.1,4.4,(3-Phosphatidyl)-1-D-inositol,(3-Phosphatidyl)-1-D-inositol,C01194,1,m,79,,,
0,664,8.1,3.5,3(3-Phosphatidyl-)L-glycerol 1-phosphate,PGP120,C03892,0,m,81,,,
0,665,8.9,3.5,3(3-Phosphatidyl-)glycerol,PG120,C00344,0,m,81,,,
0,666,9,5.8,Fatty acid,Fatty acid,C00162,1,m,,,,
0,667,9.5,3.5,Cardiolipin,CLPN120,C05980,0,m,81,,,
0,668,8.9,3,Aminoacyl-phosphatidylglycerol,Aminoacyl-phosphatidylglycerol,C05976,0,m,81,,,
0,669,9.3,4.7,sn-Glycero-3-phosphoethanolamine,G3PE,C01233,0,m,81,,,
0,670,8.9,5.2,L-1-Lysophosphatidylethanolamine,2AGPE120,C05973,0,m,81,,,
0,671,9.1,5.4,L-2-Lysophosphatidylethanolamine,1AGPE120,C04438,0,m,81,,,
0,672,9.5,4.9,Fatty acid,Fatty acid,C00162,1,m,,,,
0,673,10,3.2,Ethanolamine,ETHA,C00189,0,m,81,,,
0,674,10.2,5.8,"1,2-Diacyl-sn-glycerol 3-phosphate (Phosphatidate)",PA120,C00416,1,m,78|81,,,
0,675,10.2,6.7,"1,2-Diacylglycerol",12DGR120,C00641,1,m,78,,,
0,676,10.2,7.5,Triacylglycerol (Triglyceride),Triacylglycerol (Triglyceride),C00422,0,m,78,,,
0,677,11.2,5.1,1-Acyl-sn-glycerol 3-phosphate,1-Acyl-sn-glycerol 3-phosphate,C00681,0,m,78,,,
0,678,11.2,6.7,1-Monoacylglycerol (or 2-Monoacylglycerol ),1-Monoacylglycerol,C01885,0,m,78,,,
0,679,12,6.7,Glycerol,GLYC,C00116,1,m,78,,,
0,680,12.5,4.9,Dehydroacyl-CoA,Dehydroacyl-CoA,C00605,0,m,8,,,
0,681,12.5,5.9,Acyl-CoA,Acyl-CoA,C00040,1,m,8,,,
0,682,12.5,7.2,Acyl Adenylate,Acyl Adenylate,-14,0,m,,,,
0,683,12.5,7.9,Fatty acid,Fatty acid,C00162,1,m,78,,,
0,684,6.2,6.4,"1,2-Diacylglycerol",12DGR120,C00641,1,m,78,,,
0,685,4.3,8.2,L-Serine,SER_L,C00065,1,m,86,,,
0,686,4.8,8.5,3-Dehydrosphinganine,3-Dehydrosphinganine,C02934,0,m,86,,,
0,687,5.6,8.5,Sphinganine,Sphinganine,C00836,0,m,86,,,
0,688,6.1,7.9,Sphingosine,Sphingosine,C00319,0,m,86,,,
0,689,6.1,8.8,Psychosine,Psychosine,C01747,0,m,86,,,
0,690,6.3,8.3,UDP-D-Galactose,UDPGAL,C00052,1,m,,,,
0,691,6.7,8.15,UDP-D-Glucose,UDPG,C00029,1,m,,,,
0,692,7,7.9,Ceramide,Ceramide,C00195,1,m,86,,,
0,693,7,8.9,Glucosylceramide,Glucosylceramide,C01190,1,m,86,,,
0,694,7.3,8.25,D-Glucose,DGlc,C00031,1,m,,,,
0,695,7.5,8.1,O-Phosphocholine,O-Phosphocholine,C00588,1,m,,,,
0,696,8.1,7.9,Sphingomyelin,Sphingomyelin,C00550,0,m,86,,,
0,697,4.2,8.8,Palmitoyl-CoA,PMTCOA,C00154,1,m,86,,,
0,698,9.9,7.8,Glycerophosphocholine,G3PC,C00670,0,m,81,,,
0,699,9.1,7.6,1-Lysolecithin,1-Lysolecithin,C04233,1,m,81,,,
0,700,9.1,8,2-Lysolecithin,2-Lysolecithin,C04230,1,m,81,,,
0,701,11.2,8.5,Aldehyde,Aldehyde,C00071,0,m,9,,,
0,702,10.2,8.5,1-Alcohol,1-Alcohol,C00226,0,m,9,,,
0,703,9.1,8.5,Alkane,Alkane,C01371,0,m,9,,,
0,704,9.3,8.7,Rubredoxin (Reduced),Rubredoxin (Reduced),C00340,0,m,9,,,
0,705,10,8.7,Rubredoxin (Oxidized),Rubredoxin (Oxidized),C00435,0,m,9,,,
0,706,12.9,8.4,O-Acylcarnitine,O-Acylcarnitine,C02301,0,m,,,,
0,707,13.1,7,Carnitine,Carnitine,C00487,0,m,,,,
0,708,18.3,5.4,4-Guanidinobutyrate,4-Guanidinobutyrate,C01035,0,m,35,,,
0,709,18.3,6.1,4-Guanidinobutanamide,4-Guanidinobutanamide,C03078,0,m,35,,,
0,710,18.4,7,L-Citrulline,CITR_L,C00327,1,m,35,,,
0,711,18.3,8,L-Arginine phosphate,L-Arginine phosphate,C05945,0,m,35,,,
0,712,18.5,3.5,4-Aminobutyraldehyde,4ABUTN,C00555,0,m,35,,,
0,713,18.8,8.8,L-Arginyl-tRNA(Arg),ARGTRNA,C02163,1,m,,,,
0,714,19.3,3.5,Spermine,Spermine,C00750,0,m,35,,,
0,715,19.3,4.2,Spermidine,SPMD,C00315,0,m,35,,,
0,716,19.3,4.7,Putrescine,PTRC,C00134,0,m,35,,,
0,717,19.3,5.4,Agmatine,AGM,C00179,0,m,35,,,
0,718,19.4,7.2,L-Arginine,ARG_L,C00062,0,m,35,,,
0,719,19.6,5.7,Glycine,GLY,C00037,1,m,35,,,
0,720,19.7,8.5,Fumarate,FUM,C00122,1,m,35,,,
0,721,19.9,3.5,N-Methylhydantoin,N-Methylhydantoin,C02565,0,m,35,,,
0,722,19.9,4.2,N-Carbamoylsarcosine,N-Carbamoylsarcosine,C01043,0,m,35,,,
0,723,19.9,4.8,Sarcosine,SARCS,C00213,1,m,35,,,
0,724,20.1,7.4,Urea,UREA,C00086,1,m,35,,,
0,725,20.6,8.3,L-Argininosuccinate,ARGSUC,C03406,0,m,35,,,
0,726,20.7,3.5,Creatinine,Creatinine,C00791,0,m,35,,,
0,727,20.7,4.2,Creatine,Creatine,C00300,0,m,35,,,
0,728,20.7,5.1,Guanidinoacetate,Guanidinoacetate,C00581,0,m,35,,,
0,729,21.1,5.9,L-Ornithine,L-Ornithine,C00077,0,m,35,,,
0,730,21.1,6.3,Carbamoyl phosphate,CBP,C00169,0,m,35,,,
0,731,21.7,7.3,L-Citrulline,CITR_L,C00327,1,m,35,,,
0,732,21.7,4.2,Creatine phosphate,Creatine phosphate,C02305,0,m,35,,,
0,733,21.7,5.1,Guanidinoacetate phosphate,Guanidinoacetate phosphate,C03166,0,m,35,,,
0,734,22.6,8.8,Ammonia,NH3,C00014,0,sm,35,,,
0,735,23,4.4,N-Acetyl-L-glutamate,ACGLU,C00624,0,m,35,,,
0,736,23,5.2,N-Acetyl-L-glutamyl 5-phosphate,ACG5P,C04133,0,m,35,,,
0,737,23,6.1,N-Acetyl-L-glutamate 5-semialdehyde,ACG5SA,C01250,0,m,35,,,
0,738,23,7.5,N2-Acetyl-L-ornithine,ACORN,C00437,0,m,35,,,
0,739,23.8,8.1,N-Carbamoyl-L-aspartate,CBASP,C00438,0,m,24|23,,,
0,740,24,5.2,L-Glutamyl 5-phosphate,GLU5P,C03287,0,m,35,,,
0,741,24,6.1,L-Glutamate 5-semialdehyde,GLU5SA,C01165,0,m,35,,,
0,742,23.9,8.8,Nitrogen,N2,C00697,0,sm,,,,
0,743,24.1,7.5,2-Oxo-5-aminovalerate,2-Oxo-5-aminovalerate,C01110,0,m,35,,,
0,744,24.6,3.7,L-Cysteine,CYS_L,C00097,1,m,35,,,
0,745,24.8,5.2,L-1-Pyrroline-5-carboxylate,L-1-Pyrroline-5-carboxylate,C03912,0,m,35,,,
0,746,24.9,6.5,1-Pyrroline-2-carboxylate,1-Pyrroline-2-carboxylate,C03564,0,m,35,,,
0,747,25,4.3,L-gamma-Glutamylcysteine,GLUCYS,C00669,0,m,60,,,
0,748,25.1,7.5,5-Aminovalerate,5-Aminovalerate,C00431,0,m,35,,,
0,749,25.5,4.6,Glycine,GLY,C00037,1,m,,,,
0,750,25.9,5.2,L-Proline,PRO_L,C00148,0,m,35,,,
0,751,25.9,6.5,D-Proline,D-Proline,C00763,0,m,35,,,
0,752,26.4,3.6,R-S-Glutathione,R-S-Glutathione,C02320,0,m,60,,,
0,753,26.4,4.3,Reduced glutathione (GSH),GTHRD,C00051,1,m,60,,,
0,754,26.9,5.2,L-Hydroxyproline,L-Hydroxyproline,C01157,1,m,35,,,
0,755,26.9,6.5,cis-4-Hydroxy-D-proline,cis-4-Hydroxy-D-proline,C03440,0,m,35,,,
0,756,28.4,4.3,Oxidized glutathione (GSSG),GTHOX,C00127,1,m,60,,,
0,757,28.3,5.2,L-1-Pyrroline-3-hydroxy-5-carboxylate,L-1-Pyrroline-3-hydroxy-5-carboxylate,C04281,0,m,35,,,
0,758,28.2,6.5,1-Pyrroline-4-hydroxy-2-carboxylate,1-Pyrroline-4-hydroxy-2-carboxylate,C04282,0,m,35,,,
0,759,18.3,7.2,Nitric oxide,NO,C00533,0,m,35,,,
0,760,23.3,4,Acetyl-CoA,ACCOA,C00024,1,m,,,,
0,761,27,4.6,L-Dehydroascorbate,L-Dehydroascorbate,C05422,1,m,,,,
0,762,27.8,4.6,L-Ascorbate,ASCB_L,C00072,1,m,,,,
0,763,25.2,8.1,"(S)-4,5-Dihydroorotate",DHOR,C00337,0,m,23,,,
0,764,26.3,7.7,D-Ribose-5P,R5P,C00117,1,m,,,,
0,765,27.5,8.1,Orotate,OROT,C00295,0,m,23,,,
0,766,28.3,7.7,5-Phospho-alpha-D-ribose 1-diphosphate,PRPP,C00119,1,m,23,,,
0,767,29.5,8.1,Orotidine 5'-phosphate,OROT5P,C01103,0,m,23,,,
0,768,29,4.1,L-erythro-4-Hydroxyglutamate,L-erythro-4-Hydroxyglutamate,C05947,0,m,35,,,
0,769,29,5.6,L-4-Hydroxyglutamate semialdehyde,L-4-Hydroxyglutamate semialdehyde,C05938,0,m,35,,,
0,770,29.6,3.5,D-4-Hydroxy-2-oxoglutarate,D-4-Hydroxy-2-oxoglutarate,C05946,0,m,35,,,
0,771,30.2,4.2,L-Glutamate,GLU_L,C00025,1,m,,,,
0,772,30.4,4,Pyruvate,PYR,C00022,1,m,35,,,
0,773,30.6,4.7,2-Oxoglutarate,AKG,C00026,1,m,,,,
0,774,31.1,4.2,L-Alanine,ALA_L,C00041,1,m,,,,
0,775,31.1,3.5,Glyoxylate,GLX,C00048,1,m,35,,,
0,776,30.1,6.5,2-Oxoglutarate semialdehyde,2-Oxoglutarate semialdehyde,C00433,0,m,35,,,
0,777,29.1,7.5,2-Oxo-4-hydroxy-5-aminovalerate,2-Oxo-4-hydroxy-5-aminovalerate,C05941,0,m,35,,,
0,778,30,7.5,Pyrrole-2-carboxylate,Pyrrole-2-carboxylate,C05942,0,m,35,,,
0,779,25.4,3.5,L-Glutamyl-tRNA(Glu),GLUTRNA,C02987,1,m,,,,
0,780,25.2,2.6,L-threo-3-Methylaspartate,L-threo-3-Methylaspartate,C03618,0,m,98,,,
0,781,26.6,2.6,Mesaconate,Mesaconate,C01732,0,m,98|104,,,
0,782,27.7,2.6,(S)-Citramalate,(S)-Citramalate,C02614,0,m,104,,,
0,783,28.5,2.8,Acetate,AC,C00033,1,m,,,,
0,784,28.5,2.4,Pyruvate,PYR,C00022,1,m,,,,
0,785,32,3.8,Cytidine-5'-monophosphate,CMP,C00055,0,m,23,,,
0,786,32,5,Cytidine,CYTD,C00475,0,m,23,,,
0,787,32,6.8,Uridine,URI,C00299,0,m,23,,,
0,788,32,8.1,Uridine 5'-monophosphate,UMP,C00105,0,m,23,,,
0,789,33,3.8,Cytidine 5'-diphosphate,CDP,C00112,0,m,23,,,
0,790,33,5,Cytosine,CSN,C00380,0,m,23,,,
0,791,33,6.8,Uracil,URA,C00106,0,m,23,,,
0,792,33,8.1,Uridine 5'-diphosphate,UDP,C00015,0,m,23,,,
0,793,34.2,3.8,Cytidine 5'-triphosphate,CTP,C00063,0,m,23,,,
0,794,34,6,Barbiturate,Barbiturate,C00813,0,m,23,,,
0,795,34,6.8,"5,6-Dihydrouracil",Dihydrouracil,C00429,0,m,23,,,
0,796,34.2,8.1,Uridine 5'-triphosphate,UTP,C00075,0,m,23,,,
0,797,35,5.85,Malonate,Malonate,C00383,1,m,23,,,
0,798,35,6.15,Urea,UREA,C00086,1,m,23,,,
0,799,35,6.8,3-Ureidopropionate,3-Ureidopropionate,C02642,0,m,23,,,
0,800,35.8,8.1,Ribonucleic acid,RNA,C00046,1,m,23,,,
0,801,35.8,3.8,Ribonucleic acid,RNA,C00046,1,m,23,,,
0,802,35.9,6.8,B-Alanine,ALA_B,C00099,1,m,23,,,
0,803,36.6,7.9,"5,10-Methenyltetrahydrofolate",METHF,C00445,1,m,,,,
0,804,36.6,5.9,"7,8-Dihydrofolate",DHF,C00415,1,m,,,,
0,805,37.4,3.8,2'-Deoxycytidine 5'-monophosphate,DCMP,C00239,0,m,23,,,
0,806,37.4,4.9,2'-Deoxycytidine,DCYT,C00881,0,m,23,,,
0,807,37.4,5.7,Thymidine 5'-phosphate,DTMP,C00364,0,m,23,,,
0,808,37.4,6.9,Thymidine,THYMD,C00214,0,m,23,,,
0,809,37.4,8.1,2'-Deoxyuridine 5'-phosphate,DUMP,C00365,0,m,23,,,
0,810,38.9,3.8,2'-Deoxycytidine 5'-diphosphate,DCDP,C00705,0,m,23,,,
0,811,38.9,4.9,2'-Deoxy-5-hydroxymethylcytidine 5'-phosphate,2'-Deoxy-5-hydroxymethylcytidine 5'-phosphate,C03997,0,m,23,,,
0,812,38.8,5.7,Thymidine 5'-diphosphate,DTDP,C00363,0,m,23,,,
0,813,38.8,6.9,Thymine,THYM,C00178,0,m,23,,,
0,814,38.8,8.1,2'-Deoxyuridine 5'-diphosphate,DUDP,C01346,0,m,23,,,
0,815,40.2,3.8,2'-Deoxycytidine 5'-triphosphate,DCTP,C00458,0,m,23,,,
0,816,40.2,5.7,Thymidine 5'-triphosphate,DTTP,C00459,0,m,23,,,
0,817,40.2,6.9,"5,6-Dihydrothymine",Dihydrothymine,C00906,0,m,23,,,
0,818,40.2,8.1,2'-Deoxyuridine 5'-triphosphate,DUTP,C00460,0,m,23,,,
0,819,41.7,3.8,Deoxyribonucleic acid,DNA,C00039,1,m,23,,,
0,820,41.7,5.7,Deoxyribonucleic acid,DNA,C00039,1,m,23,,,
0,821,41,6.9,3-Ureidoisobutyrate,3-Ureidoisobutyrate,C05100,0,m,23,,,
0,822,41.4,7.7,5-Methylbarbiturate,5-Methylbarbiturate,C05281,0,m,23,,,
0,823,41.8,6.9,3-Aminoisobutyrate,3-Aminoisobutyrate,C05145,1,m,23,,,
0,824,38.15,4.15,"5,10-Methenyltetrahydrofolate",METHF,C00445,1,m,,,,
0,825,38.55,4.35,THF,THF,C00101,1,m,,,,
0,826,38.3,6.65,2-Deoxy-D-ribose 1-phosphate,2DR1P,C00672,1,m,23,,,
0,827,26.8,-2.1,Reduced glutathione (GSH),GTHRD,C00051,1,m,,,,
0,828,27.7,-1.9,S-D-Lactoylglutathione,LGT_S,C03451,0,m,90,,,
0,829,28.9,-2.1,Reduced glutathione (GSH),GTHRD,C00051,1,m,,,,
0,830,29.3,-1.9,D-Lactate,LAC_D,C00256,1,m,90,,,
0,831,26.3,1.9,"Cobyrinate a,c-diamide","Cobyrinate a,c-diamide",C06504,0,m,119,,,
0,832,27.5,-1.3,Uroporphyrinogen I,Uroporphyrinogen I,C05766,0,m,119,,,
0,833,27.5,0,Hydroxymethylbilane,HMBIL,C01024,0,m,119,,,
0,834,27.3,1.2,Precorrin 3B,Precorrin 3B,C06406,0,m,119,,,
0,835,28.1,1.2,Precorrin 3A,Precorrin 3A,C05772,0,m,119,,,
0,836,28.7,1.9,Adenosyl cobinamide,ADOCBI,C06508,0,m,119,,,
0,837,29.2,-1.3,Coproporphyrinogen I,Coproporphyrinogen I,C05768,0,m,119,,,
0,838,29.4,0,Uroporphyrinogen III,UPPG3,C01051,0,m,119,,,
0,839,29.6,1.2,Coenzyme F430,Coenzyme F430,C05777,0,m,119,,,
0,840,29.7,2.4,alpha-Ribazole,RDMBZI,C05775,0,m,119,,,
0,841,30.8,-1.9,Uroporphyrin I,Uroporphyrin I,C05767,0,m,119,,,
0,842,30.8,-1.1,Uroporphyrin III,Uroporphyrin III,C02469,0,m,119,,,
0,843,30.9,1.9,Vitamin B12 coenzyme,ADOCBL,C00194,0,m,119,,,
0,844,31.2,0,Precorrin 2,DSCL,C02463,0,m,119,,,
0,845,31.7,-1.3,Coproporphyrinogen III,CPPPG3,C03263,0,m,119,,,
0,846,31.8,-2,Coproporphyrin I,Coproporphyrin I,C05769,0,m,119,,,
0,847,32.8,1.9,Vitamin B12,Vitamin B12,C05776,0,m,119,,,
0,848,32.9,0,Siroheme,SHEME,C00748,0,m,119,,,
0,849,33.1,-2,Coproporphyrin III,Coproporphyrin III,C05770,0,m,119,,,
0,850,33.2,-1.3,Protoporphyrinogen IX,PPPG9,C01079,0,m,119,,,
0,851,33.7,0,Protoporphyrin IX,PPP9,C02191,0,m,119,,,
0,852,33.7,1,Magnesium protoporphyrin IX,Mg-protoporphyrin IX,C03516,0,m,119,,,
0,853,33.8,2.4,Bacteriochlorophyll a,Bacteriochlorophyll a,C11242,1,m,119,,,
0,854,33.8,2.2,Bacteriochlorophyll b,Bacteriochlorophyll b,C11243,0,m,119,,,
0,855,35.1,-2,Protoheme (Heme),PHEME,C00032,0,m,119,,,
0,856,34.9,1,Magnesium protoporphyrin monomethyl ester,Mg protoporphyrin monomethyl ester,C04536,0,m,119,,,
0,857,35.5,2.4,Chlorophyll b,Chlorophyll b,C05307,1,m,119,,,
0,858,36.1,1,"Mg-2,4-Divinyl-phaeoporphyrin a5-monomethylester",Divinylprotochlorophyllide,C11831,0,m,119,,,
0,859,36,-1.7,Myoglobin,Myoglobin,C05782,0,m,119,,,
0,860,36.7,-2,Hemoglobin,Hemoglobin,C01708,0,m,119,,,
0,861,37.3,1,Chlorophyllide a,Chlorophyllide a,C02139,0,m,119,,,
0,862,37.3,2.4,Chlorophyll a,Chlorophyll a,C05306,1,m,119,,,
0,863,37.3,-1.2,Cytochrome a,Cytochrome a,C05783,0,m,119,,,
0,864,37.3,-0.3,Catalase,Catalase,C05784,0,m,119,,,
0,865,37.3,-0.1,Peroxidase,Peroxidase,C05785,0,m,119,,,
0,866,38.4,-1.7,Oxyhemoglobin,Oxyhemoglobin,C05781,0,m,119,,,
0,867,38.3,0.4,Phycocyanobilin,Phycocyanobilin,C05786,0,m,119,,,
0,868,38.7,-0.4,Cytochrome c,Cytochrome c,C00524,1,m,119,,,
0,869,39,1,D-Urobilinogen,D-Urobilinogen,C05791,0,m,119,,,
0,870,39,1.7,I-Urobilinogen (Mesobilirubinogen),I-Urobilinogen (Mesobilirubinogen),C05790,0,m,119,,,
0,871,39,2.5,L-Stercobilinogen,L-Stercobilinogen,C05789,0,m,119,,,
0,872,41.3,-2,Biliverdin IX alpha,Biliverdin IX alpha,C00500,0,m,119,,,
0,873,41.3,-1.1,Bilirubin,Bilirubin,C00486,0,m,119,,,
0,874,41.3,-0.1,Bilirubin beta-diglucuronide,Bilirubin beta-diglucuronide,C05787,0,m,119,,,
0,875,41.3,1,D-Urobilin,D-Urobilin,C05795,0,m,119,,,
0,876,41.3,1.7,I-Urobilin,I-Urobilin,C05794,0,m,119,,,
0,877,41.3,2.5,L-Stercobilin,L-Stercobilin,C05793,0,m,119,,,
0,878,16.6,9.4,"3alpha,11beta,21-Trihydroxy-20-oxo-5beta-pregnan-18-al","3alpha,11beta,21-Trihydroxy-20-oxo-5beta-pregnan-18-al",C05474,0,m,16,,,
0,879,18.7,9.4,"11beta,21-Dihydroxy-3,20-oxo-5beta-pregnan-18-al","11beta,21-Dihydroxy-3,20-oxo-5beta-pregnan-18-al",C05473,0,m,16,,,
0,880,19.6,9.4,Aldosterone hemiacetal,Aldosterone hemiacetal,C18039,0,m,16,,,
0,881,20.6,9.4,Aldosterone,Aldosterone,C01780,0,m,16,,,
0,882,21.6,9.4,18-Hydroxycorticosterone,18-Hydroxycorticosterone,C01124,0,m,16,,,
0,883,23.5,9.4,Corticosterone,Corticosterone,C02140,0,m,16,,,
0,884,19.4,11.7,"3alpha,20alpha,21-Trihydroxy-5beta-pregnan-11-one","3alpha,20alpha,21-Trihydroxy-5beta-pregnan-11-one",C05483,0,m,16,,,
0,885,20.7,10.7,Tetrahydrocorticosterone,Tetrahydrocorticosterone,C05476,0,m,16,,,
0,886,20.7,11.7,"3alpha,21-Dihydroxy-5beta-pregnane-11,20-dione","3alpha,21-Dihydroxy-5beta-pregnane-11,20-dione",C05478,0,m,16,,,
0,887,22.1,10.7,"11beta,21-Dihydroxy-5beta-pregnane-3,20-dione","11beta,21-Dihydroxy-5beta-pregnane-3,20-dione",C05475,0,m,16,,,
0,888,22.1,11.7,"21-Hydroxy-5beta-pregnane-3,11,20-trione","21-Hydroxy-5beta-pregnane-3,11,20-trione",C05477,0,m,16,,,
0,889,23.5,11.7,11-Dehydrocorticosterone,11-Dehydrocorticosterone,C05490,0,m,16,,,
0,890,24.8,10.1,11-Deoxycorticosterone,11-Deoxycorticosterone,C03205,0,m,16,,,
0,891,24.8,11.8,21-Hydroxypregnenolone,21-Hydroxypregnenolone,C05485,0,m,16,,,
0,892,26,11.8,Pregnenolone,Pregnenolone,C01953,0,m,16,,,
0,893,26,10.1,Progesterone,Progesterone,C00410,0,m,16,,,
0,894,27.8,10.7,17alpha-Hydroxyprogesterone,17alpha-Hydroxyprogesterone,C01176,0,m,16,,,
0,895,27.8,11.8,17alpha-Hydroxypregnenolone,17alpha-Hydroxypregnenolone,C05138,0,m,16,,,
0,896,25.1,13.1,22beta-Hydroxycholesterol,22beta-Hydroxycholesterol,C05502,0,m,16,,,
0,897,25.7,12.2,Isocaproaldehyde,Isocaproaldehyde,C02373,1,m,16,,,
0,898,26,13.1,"20alpha,22beta-Dihydroxycholesterol","20alpha,22beta-Dihydroxycholesterol",C05501,0,m,16,,,
0,899,27.8,13.1,"17alpha,20alpha-Dihydroxycholesterol","17alpha,20alpha-Dihydroxycholesterol",C05499,0,m,16,,,
0,900,29.4,10.7,11-Deoxycortisol (Cortodoxone),11-Deoxycortisol (Cortodoxone),C05488,0,m,16,,,
0,901,29.4,11.8,Dehydroepiandrosterone,Dehydroepiandrosterone,C01227,0,m,16,,,
0,902,29.4,12.8,Dehydroepiandrosterone sulfate,Dehydroepiandrosterone sulfate,C04555,0,m,16,,,
0,903,31,9.4,Cortisol,Cortisol,C00735,0,m,16,,,
0,904,31,11.8,"Androst-4-ene-3,17-dione","Androst-4-ene-3,17-dione",C00280,0,m,16,,,
0,905,31,12.8,"3beta,17beta-Dihydroxyandrost-5-ene","3beta,17beta-Dihydroxyandrost-5-ene",C04295,0,m,16,,,
0,906,31.7,10.3,"11beta-Hydroxyandrost-4-ene-3,17-dione","11beta-Hydroxyandrost-4-ene-3,17-dione",C05284,0,m,16,,,
0,907,32.3,9.4,Cortisone,Cortisone,C00762,0,m,16,,,
0,908,32.3,11.8,Testosterone,Testosterone,C00535,0,m,16,,,
0,909,32.3,12.8,16alpha-Hydroxydehydroepiandrosterone,16alpha-Hydroxydehydroepiandrosterone,C05139,0,m,16,,,
0,910,32.9,10.3,Adrenosterone,Adrenosterone,C05285,0,m,16,,,
0,911,33,11.3,5alpha-Dihydrotestosterone,5alpha-Dihydrotestosterone,C03917,0,m,16,,,
0,912,33.6,11,"19-Hydroxyandrost-4-ene-3,17-dione","19-Hydroxyandrost-4-ene-3,17-dione",C05290,0,m,16,,,
0,913,33.6,11.8,19-Hydroxytestosterone,19-Hydroxytestosterone,C05294,0,m,16,,,
0,914,33.6,12.8,"16alpha-Hydroxyandrost-4-ene-3,17-dione","16alpha-Hydroxyandrost-4-ene-3,17-dione",C05140,0,m,16,,,
0,915,34,9.4,"11beta,17alpha,21-Trihydroxy-5beta-pregnane-3,20-dione","11beta,17alpha,21-Trihydroxy-5beta-pregnane-3,20-dione",C05471,0,m,16,,,
0,916,34,10.1,"17alpha,21-Dihydroxy-5beta-pregnane-3,11,20-trione","17alpha,21-Dihydroxy-5beta-pregnane-3,11,20-trione",C05469,0,m,16,,,
0,917,35.3,9.4,Urocortisol,Urocortisol,C05472,0,m,16,,,
0,918,35.3,10.1,Urocortisone,Urocortisone,C05470,0,m,16,,,
0,919,37.4,9.4,Cortol,Cortol,C05482,0,m,16,,,
0,920,37.4,10.1,Cortolone,Cortolone,C05481,0,m,16,,,
0,921,35.6,11.8,Estradiol-17beta,Estradiol-17beta,C00951,0,m,16,,,
0,922,37,11,Estrone,Estrone,C00468,0,m,16,,,
0,923,37,12.8,Estriol,Estriol,C05141,0,m,16,,,
0,924,38.3,12,16alpha-Hydroxyestrone,16alpha-Hydroxyestrone,C05300,0,m,16,,,
0,925,39.7,9.9,2-Hydroxyestradiol-17beta,2-Hydroxyestradiol-17beta,C05301,0,m,16,,,
0,926,39.7,11,2-Hydroxyestrone,2-Hydroxyestrone,C05298,0,m,16,,,
0,927,39.7,12,"5alpha-Androstane-3,17-dione","5alpha-Androstane-3,17-dione",C00674,0,m,16,,,
0,928,39.7,12.8,"5beta-Androstane-3,17-dione","5beta-Androstane-3,17-dione",C03772,0,m,16,,,
0,929,41.2,9.9,2-Methoxy-17beta-estradiol,2-Methoxy-17beta-estradiol,C05302,0,m,16,,,
0,930,41.2,11,2-Methoxyestrone,2-Methoxyestrone,C05299,0,m,16,,,
0,931,41.2,12,Androsterone,Androsterone,C00523,0,m,16,,,
0,932,41.2,12.8,Etiocholan-3alpha-ol-17-one,Etiocholan-3alpha-ol-17-one,C04373,0,m,16,,,
0,933,42,9.7,2-Methoxy-estradiol-17beta 3-glucuronide,2-Methoxy-estradiol-17beta 3-glucuronide,C11131,0,m,16,,,
0,934,42,10.1,2-Methoxyestradiol-17beta 3-sulfate,2-Methoxyestradiol-17beta 3-sulfate,C08359,0,m,16,,,
0,935,42,10.8,2-Methoxyestrone 3-glucuronide,2-Methoxyestrone 3-glucuronide,C11132,0,m,16,,,
0,936,42,11.2,2-Methoxyestrone 3-sulfate,2-Methoxyestrone 3-sulfate,C08358,0,m,16,,,
0,937,42,12,Androsterone glucuronide,Androsterone glucuronide,C11135,0,m,16,,,
0,938,42,12.8,Etiocholan-3alpha-ol-17-one 3-glucuronide,Etiocholan-3alpha-ol-17-one 3-glucuronide,C11136,0,m,16,,,
0,939,22.1,12.5,"5beta-Pregnane-3,20-dione","5beta-Pregnane-3,20-dione",C05479,0,m,16,,,
0,940,20.7,12.5,3alpha-Hydroxy-5beta-pregnan-20-one,3alpha-Hydroxy-5beta-pregnan-20-one,C05480,0,m,16,,,
0,941,19.4,12.5,Pregnanediol,Pregnanediol,C05484,0,m,16,,,
0,942,38.5,12.8,16-Glucuronide-estriol,16-Glucuronide-estriol,C05504,1,m,16,,,
0,943,10.7,9.5,Retinoate,Retinoate,C00777,0,m,118,,,
0,944,10.7,10.1,all-trans-Retinol (Vitamin A),all-trans-Retinol (Vitamin A),C00473,0,m,118,,,
0,945,10.7,10.8,Retinyl palmitate,Retinyl palmitate,C02588,0,m,118,,,
0,946,12,9.7,all-trans-Retinal,all-trans-Retinal,C00376,0,m,118,,,
0,947,12,10.3,11-cis-Retinal,11-cis-Retinal,C02110,0,m,118,,,
0,948,13.1,10.3,Dolichol,Dolichol,C00381,0,m,62,,,
0,949,13.1,10.8,Dolichol phosphate,Dolichol phosphate,C00110,0,m,62,,,
0,950,12.8,11.4,Dolichol diphosphate,Dolichol diphosphate,C00621,0,m,62|120,,,
0,951,12.8,12.1,Dehydrodolichol diphosphate,Dehydrodolichol diphosphate,C05859,0,m,120,,,
0,952,13.2,9.3,Xanthophyll (Lutein),Xanthophyll,C08601,0,m,126,,,
0,953,13.9,11.8,Ficoprenol diphosphate,Ficoprenol diphosphate,-21,0,m,,,,
0,954,15.1,9.6,alpha-Carotene,alpha-Carotene,C05433,0,m,126,,,
0,955,15.1,10.2,beta-Carotene,beta-Carotene,C02094,0,m,126,,,
0,956,15.1,10.8,Lycopene,Lycopene,C05432,0,m,126,,,
0,957,15.1,11.4,trans-Neurosporene,trans-Neurosporene,C05431,0,m,126,,,
0,958,15.1,12.1,cis-Phytoene,cis-Phytoene,C05421,0,m,126,,,
0,959,14.8,13.7,Chlorophyll,Chlorophyll,C01793,1,m,,,,
0,960,15.3,13.2,Phytyl diphosphate,Phytyl diphosphate,C05427,1,m,120|15,,,
0,961,15.8,12.7,Phylloquinone (Vitamin K1),Phylloquinone (Vitamin K1),C02059,1,m,15,,,
0,962,15.8,13.7,alpha-Tocopherol (Vitamin E),alpha-Tocopherol (Vitamin E),C02477,1,m,15,,,
0,963,16.6,12.5,"Ergosta-5,7,22,24(28)-tetraen-3beta-ol","Ergosta-5,7,22,24(28)-tetraen-3beta-ol",C05440,0,m,12,,,
0,964,16.6,11.7,Ergosterol,Ergosterol,C01694,0,m,12,,,
0,965,16.6,10.7,Ergocalciferol (Vitamin D2),Ergocalciferol (Vitamin D2),C05441,0,m,12,,,
0,966,18.1,11.7,"1,25-Dihydroxycalciferol","1,25-Dihydroxycalciferol",-20,0,m,,,,
0,967,18.1,10.7,Stigmasterol,Stigmasterol,C05442,0,m,12,,,
0,968,10.7,3.3,Tuberculostearate,Tuberculostearate,C16794,0,m,,,,
0,969,17.5,4.1,Malonyl-CoA,Malonyl-CoA,C00083,1,m,,,,
0,970,17.5,7.5,Acetoacetyl-CoA,AACOA,C00332,0,m,103,,,
0,971,17.5,8.8,Acetoacetate,ACAC,C00164,1,m,103|100,,,
0,972,16.1,8.2,Acetone,Acetone,C00207,0,m,100,,,
0,973,16.1,8.8,(R)-3-Hydroxybutyrate,(R)-3-Hydroxybutyrate,C01089,0,m,103,,,
0,974,15.9,7.5,3-Oxoacyl-CoA,3-Oxoacyl-CoA,C00264,0,m,8|9,,,
0,975,15,6.5,Acyl-CoA,Acyl-CoA,C00040,0,m,8|9,,,
0,976,15,8.5,(S)-3-Hydroxyacyl-CoA,(S)-3-Hydroxyacyl-CoA,C00640,0,m,8|9,,,
0,977,14.2,7.5,"trans-2,3-Dehydroacyl-CoA","trans-2,3-Dehydroacyl-CoA",C00658,1,m,8|9,,,
0,978,13.5,7.5,"trans-2,3-Dehydroacyl-CoA","trans-2,3-Dehydroacyl-CoA",C00658,0,m,8|9,,,
0,979,17.55,5.4,Acetyl-[acyl-carrier protein],Acetyl-[acp],C03939,0,m,,,,
0,980,15,4.8,Fatty acid,Fatty acid,C00162,1,m,7,,,
0,981,15.7,4.65,Acyl-[acyl-carrier protein],Acyl-[acp],acp1,0,m,7,,,
0,982,15,5.5,trans-X-[acyl-carrier protein],trans-X-[acp],acp2,0,m,7,,,
0,983,13.9,4.85,(R)-3-Hydroxyacyl-[acyl-carrier protein],(R)-3-Hydroxyacyl-[acp],acp3,0,m,7,,,
0,984,14,4.1,3-Oxoacyl-[acyl-carrier protein],3-Oxoacyl-[acp],acp4,0,m,7,,,
0,985,12.6,3.9,cis-Dec-3-enoyl-[acyl-carrier protein],cis-Dec-3-enoyl-[acp],C04180,0,m,7,,,
0,986,12.6,3.3,cis-Vaccenate,cis-Vaccenate,-99,0,m,,,,
0,987,0.6,-5.6,B-D-Glucose,B-Glc,C00221,1,s,,,,
0,988,10,-2.1,Methanol,MEOH,C00132,0,m,106,,,
0,989,11,-2.1,Methane,CH4,C01438,1,sm,106,,,
0,990,11,-1.5,Carbon dioxide,CO2,C00011,0,sm,106,,,
0,991,5.3,-9.7,Oxid Glutathione,GTHOX,C00127,1,s,,,,
0,992,5.7,-9.7,Glutathione,GTHRD,C00051,1,s,,,,
0,993,3.4,-4.4,D-Glucose,DGlc,C00031,1,s,,,,
0,994,4.3,-3.9,D-Glucose,DGlc,C00031,1,s,,,,
0,995,6.25,-2.2,L-Glutamine,GLN_L,C00064,1,s,,,,
0,996,9.1,-9.8,L-Glutamate,GLU_L,C00025,1,s,,,,
0,997,9.1,-9.2,L-Glutamine,GLN_L,C00064,1,s,,,,
0,998,6.65,-2.6,L-Glutamate,GLU_L,C00025,1,s,,,,
0,999,11.2,1.8,L-Glutamate,GLU_L,C00025,1,s,,,,
0,1000,11.2,2.2,2-Oxoglutarate,AKG,C00026,1,s,,,,
0,1001,12.4,2.6,tRNA(Ala),TRNAALA,C01635,1,s,,,,
0,1002,13.7,1.35,L-Glutamate,GLU_L,C00025,1,s,,,,
0,1003,13.55,1.7,2-Oxoglutarate,AKG,C00026,1,s,,,,
0,1004,16.3,-0.8,(S)-Methylmalonyl-CoA,MMCOA_DASH_S,C00683,1,s,,,,
0,1005,16.7,-0.8,Propionyl-CoA,PPCOA,C00100,1,s,,,,
0,1006,18.6,1.3,Carnitine,Carnitine,C00487,1,s,,,,
0,1007,19.3,-1.8,L-Glutamate,GLU_L,C00025,1,s,,,,
0,1008,19.5,-2,2-Oxoglutarate,AKG,C00026,1,s,,,,
0,1009,21.8,1,L-Glutamate,GLU_L,C00025,1,s,,,,
0,1010,21.9,0.3,Pyruvate,PYR,C00022,1,s,,,,
0,1011,21.75,0.6,L-Alanine,ALA_L,C00041,1,s,,,,
0,1012,9.9,-4.1,Acetate,AC,C00033,1,s,,,,
0,1013,9.9,-3.7,Acetyl-CoA,ACCOA,C00024,1,s,,,,
0,1014,9.9,-3,Acetyl-CoA,ACCOA,C00024,1,s,,,,
0,1015,9.9,-5,Chitin,Chitin,C00461,1,s,,,,
0,1016,14.7,-4,Pyruvate,PYR,C00022,1,s,,,,
0,1017,17.9,-3.6,L-Glutamate,GLU_L,C00025,1,s,,,,
0,1018,18.3,-3.6,2-Oxoglutarate,AKG,C00026,1,s,,,,
0,1019,19.8,-2.9,Pyruvate,PYR,C00022,1,s,,,,
0,1020,20.4,-3.8,L-Histidine,HIS_L,C00135,1,s,,,,
0,1021,20.9,-4,L-Histidine,HIS_L,C00135,1,s,,,,
0,1022,20.9,-3.5,(R)-Pantonate,PANT_R,C00522,1,s,,,,
0,1023,23.4,-4.3,Succinyl-CoA,SUCCOA,C00091,1,s,,,,
0,1024,10.3,-6.3,Ubiquinone,Q,C00399,1,s,,,,
0,1025,10.3,-5.8,Phylloquinone,Phylloquinone,C02059,1,s,,,,
0,1026,10.3,-5.6,Menaquinone,MQN8,C00828,1,s,,,,
0,1027,11.55,-5.4,S-Adenosylhomocysteine,AHCYS,C00021,1,s,,,,
0,1028,11.65,-6.9,S-Adenosylhomocysteine,AHCYS,C00021,1,s,,,,
0,1029,11.75,-5.4,S-Adenosylmethionine,AMET,C00019,1,s,,,,
0,1030,12.05,-6.9,S-Adenosylmethionine,AMET,C00019,1,s,,,,
0,1031,11.95,-5.4,Polyprenyl-PP,Polyprenyl-PP,C04093,1,s,,,,
0,1032,13,-7.7,Phosphoenolpyruvate,PEP,C00074,1,s,,,,
0,1033,13.7,-5.5,Pyruvate,PYR,C00022,1,s,,,,
0,1034,14,-6.4,Polyprenyl-PP,Polyprenyl-PP,C04093,1,s,,,,
0,1035,14.3,-7.05,Pyruvate,PYR,C00022,1,s,,,,
0,1036,14.1,-5.9,2-Oxoglutarate,AKG,C00026,1,s,,,,
0,1037,11.95,-6,Polyprenyl-PP,Polyprenyl-PP,C04093,1,s,,,,
0,1038,11.55,-6,S-Adenosylhomocysteine,AHCYS,C00021,1,s,,,,
0,1039,11.75,-6,S-Adenosylmethionine,AMET,C00019,1,s,,,,
0,1040,15.3,-7.5,L-Glutamine,GLN_L,C00064,1,s,,,,
0,1041,15.8,-7.4,L-Glutamate,GLU_L,C00025,1,s,,,,
0,1042,15.9,-7.2,Pyruvate,PYR,C00022,1,s,,,,
0,1043,17.65,-6.2,Water,H2O,C00001,0,s,,,,
0,1044,18.05,-6.2,Formic acid,FOR,C00058,1,s,,,,
0,1045,19.15,-6.2,Water,H2O,C00001,0,s,,,,
0,1046,19.7,-5.4,Succinyl-CoA,SUCCOA,C00091,1,s,,,,
0,1047,20.1,-5.4,Succinate,SUC,C00042,1,s,,,,
0,1048,18.5,-5.4,Water,H2O,C00001,0,s,,,,
0,1049,17.55,-8.4,L-Glutamate,GLU_L,C00025,1,s,,,,
0,1050,17.95,-8.4,2-Oxoglutarate,AKG,C00026,1,s,,,,
0,1051,17.55,-7.7,L-Glutamate,GLU_L,C00025,1,s,,,,
0,1052,17.95,-7.7,2-Oxoglutarate,AKG,C00026,1,s,,,,
0,1053,24,-7.1,Glyceraldehyde-3P,GAPD,C00661,1,s,,,,
0,1054,25.1,-7.6,Pyruvate,PYR,C00022,1,s,,,,
0,1055,25.35,-7.05,Water,H2O,C00001,0,s,,,,
0,1056,24.9,-7.5,Ammonia,NH3,C00014,0,s,,,,
0,1057,9.1,-10.3,Glycine,GLY,C00037,1,s,,,,
0,1058,10.3,-10.3,10-Formyl-THF,10FTHF,C00234,1,s,,,,
0,1059,10.7,-10.3,THF,THF,C00101,1,s,,,,
0,1060,11.8,-10.3,L-Glutamine,GLN_L,C00064,1,s,,,,
0,1061,12.2,-10.3,L-Glutamate,GLU_L,C00025,1,s,,,,
0,1062,13.3,-9.3,L-Glutamine,GLN_L,C00064,1,s,,,,
0,1063,13.7,-9.3,L-Glutamate,GLU_L,C00025,1,s,,,,
0,1064,15,-9.2,L-Glutamate,GLU_L,C00025,1,s,,,,
0,1065,15.4,-9.2,2-Oxoglutarate,AKG,C00026,1,s,,,,
0,1066,15.2,-10.3,L-Aspartate,ASP_L,C00049,1,s,,,,
0,1067,16.8,-10.3,Fumarate,FUM,C00122,1,s,,,,
0,1068,20.35,-9.65,THF,THF,C00101,1,s,,,,
0,1069,20.75,-9.65,5-Formimino-THF,5-Formimino-THF,C00664,1,s,,,,
0,1070,20.75,-9.15,Formamide,Formamide,C00488,1,s,,,,
0,1071,20.35,-9.15,Water,H2O,C00001,0,s,,,,
0,1072,22.4,-9.8,Dopaquinone,Dopaquinone,C00822,0,m,,,,
0,1073,23.2,-9.8,Melanin,Melanin,C05606,0,m,,,,
0,1074,21.4,-9,Tetrahydrobiopterin,Tetrahydrobiopterin,C00272,1,s,,,,
0,1075,21.7,-9.2,Dihydrobiopterin,Dihydrobiopterin,C00268,1,s,,,,
0,1076,23.7,-9.7,L-Ascorbate,ASCB_L,C00072,1,s,,,,
0,1077,24.1,-9.7,L-Dehydroascorbate,L-Dehydroascorbate,C05422,1,s,,,,
0,1078,24.9,-9.6,S-Adenosyl-L-methionine,AMET,C00019,1,s,,,,
0,1079,25.1,-9.6,S-Adenosylhomocysteine,AHCYS,C00021,1,s,,,,
0,1080,25,-9.8,Vanillylmandelate,Vanillylmandelate,C05584,0,m,,,,
0,1081,24.3,-5.7,Adenosine,AND,C00212,1,s,,,,
0,1082,24.7,-5.7,Water,H2O,C00001,0,s,,,,
0,1083,25.2,-4.8,Acetyl-CoA,ACCOA,C00024,1,s,,,,
0,1084,25.2,-4,Acetate,AC,C00033,1,s,,,,
0,1085,25.6,-4.8,Coenzyme A,COA,C00010,0,s,,,,
0,1086,32,-2.4,Pyruvate,PYR,C00022,1,s,,,,
0,1087,32.8,-2.4,Oxaloacteate,OAA,C00036,1,s,,,,
0,1088,32.8,-2.75,Carbon dioxide,CO2,C00011,0,s,,,,
0,1089,38.5,-3.55,Acetate,AC,C00033,1,s,,,,
0,1090,27.9,-7.2,Succinyl-CoA,SUCCOA,C00091,1,s,,,,
0,1091,29.2,-7.2,L-Glutamate,GLU_L,C00025,1,s,,,,
0,1092,26.6,-7.2,2-Oxoglutarate,AKG,C00026,1,s,,,,
0,1093,30.7,-7.2,Succinate,SUC,C00042,1,s,,,,
0,1094,27.7,-7.2,Water,H2O,C00001,0,s,,,,
0,1095,28.3,-7.2,Coenzyme A,COA,C00010,0,s,,,,
0,1096,30.3,-7.2,Water,H2O,C00001,0,s,,,,
0,1097,34.2,-6.5,tRNA-Lys,TRNALYS,C01646,1,s,,,,
0,1098,35.45,-5.7,2-Oxoglutarate,AKG,C00026,1,s,,,,
0,1099,35.85,-5.7,Succinate,SUC,C00042,1,s,,,,
0,1100,33.75,-7.2,Carbon dioxide,CO2,C00011,0,s,,,,
0,1101,36.8,-5.95,UDP-D-Galactose,UDPGAL,C00052,1,s,,,,
0,1102,37.2,-5.85,Uridine 5'-diphosphate,UDP,C00015,0,s,,,,
0,1103,33.4,-7.8,L-Glutamate,GLU_L,C00025,1,s,,,,
0,1104,30.7,-8.2,L-Glutamate,GLU_L,C00025,1,s,,,,
0,1105,31,-8.2,2-Oxoglutarate,AKG,C00026,1,s,,,,
0,1106,33.85,-7.8,Water,H2O,C00001,0,s,,,,
0,1107,32.4,-7.8,Water,H2O,C00001,0,s,,,,
0,1108,34.5,-7.7,Water,H2O,C00001,0,s,,,,
0,1109,34.5,-7.2,2-Oxoglutarate,AKG,C00026,1,s,,,,
0,1110,35.2,-6.8,Carbon dioxide,CO2,C00011,0,s,,,,
0,1111,34.7,-7.3,Acetyl phosphate,ACTP,C00227,1,s,,,,
0,1112,35,-7.3,Phosphate,PI,C00009,0,s,,,,
0,1113,35.5,-7.2,L-Glutamate,GLU_L,C00025,1,s,,,,
0,1114,35.9,-7.2,2-Oxoglutarate,AKG,C00026,1,s,,,,
0,1115,34.5,-6.8,Acetyl-CoA,ACCOA,C00024,1,s,,,,
0,1116,35,-6.8,Coenzyme A,COA,C00010,0,s,,,,
0,1117,36.68,-7.2,Water,H2O,C00001,0,s,,,,
0,1118,37.05,-7.2,Acetate,AC,C00033,1,s,,,,
0,1119,38.6,-7.65,Oxygen,O2,C00007,0,s,,,,
0,1120,38.6,-7.25,Water,H2O,C00001,0,s,,,,
0,1121,39.6,-6.5,Phenylacetyl-CoA,PHACCOA,C00582,1,s,,,,
0,1122,39.5,-6.6,Water,H2O,C00001,0,s,,,,
0,1123,39.7,-6.1,L-2-Aminoadipate,L-2-Aminoadipate,C00956,1,s,,,,
0,1124,39,-5,Water,H2O,C00001,0,s,,,,
0,1125,38.9,-5.25,Phenylacetate,PAC,C07086,1,s,,,,
0,1126,40,-5.15,Water,H2O,C00001,0,s,,,,
0,1127,-0.1,-9.9,Water,H2O,C00001,0,s,,,,
0,1128,0.4,-9.9,Water,H2O,C00001,0,s,,,,
0,1129,2.35,-8.6,Water,H2O,C00001,0,s,,,,
0,1130,2.7,-9.7,Water,H2O,C00001,0,s,,,,
0,1131,3.4,-10.2,Oxygen,O2,C00007,0,s,,,,
0,1132,3.8,-10.2,Hydrogen peroxide,H2O2,C00027,0,s,,,,
0,1133,5.8,-10.4,Oxygen,O2,C00007,0,s,,,,
0,1134,5.3,-10.3,Oxygen,O2,C00007,0,s,,,,
0,1135,5.7,-10.3,Water,H2O,C00001,0,s,,,,
0,1136,6.2,-9.3,Water,H2O,C00001,0,s,,,,
0,1137,6.2,-8.7,Water,H2O,C00001,0,s,,,,
0,1138,6.6,-9.3,Carbon dioxide,CO2,C00011,0,s,,,,
0,1139,6.6,-8.7,Carbon dioxide,CO2,C00011,0,s,,,,
0,1140,7.3,-8.5,Carbon dioxide,CO2,C00011,0,s,,,,
0,1141,0.25,-8.2,Water,H2O,C00001,0,s,,,,
0,1142,0.65,-8.2,Phosphate,PI,C00009,0,s,,,,
0,1143,1.3,-7.7,CDP-diacylglycerol,CDPDDDECG,C00269,1,s,,,,
0,1144,1.3,-7.3,Cytidine-5'-monophosphate,CMP,C00055,0,s,,,,
0,1145,7.9,4.2,Cytidine-5'-monophosphate,CMP,C00055,0,s,,,,
0,1146,1.75,-8.2,Oxygen,O2,C00007,0,s,,,,
0,1147,2.15,-8.2,Water,H2O,C00001,0,s,,,,
0,1148,2.7,-7.25,Water,H2O,C00001,0,s,,,,
0,1149,2.7,-7.65,Phosphate,PI,C00009,0,s,,,,
0,1150,2.2,-7,Water,H2O,C00001,0,s,,,,
0,1151,2.15,-6.5,Uridine 5'-diphosphate,UDP,C00015,0,s,,,,
0,1152,2.8,-6.8,Uridine 5'-triphosphate,UTP,C00075,0,s,,,,
0,1153,2.8,-6.2,Phosphate,PI,C00009,0,s,,,,
0,1154,3.7,-6.6,Uridine 5'-diphosphate,UDP,C00015,0,s,,,,
0,1155,5,-5.75,Carbon dioxide,CO2,C00011,0,s,,,,
0,1156,4.3,-6.7,Uridine 5'-triphosphate,UTP,C00075,0,s,,,,
0,1157,4.5,-6.2,Diphosphate,PPI,C00013,0,s,,,,
0,1158,4.1,-7.25,Water,H2O,C00001,0,s,,,,
0,1159,4.1,-7.65,Phosphate,PI,C00009,0,s,,,,
0,1160,4.9,-7.3,Carbon dioxide,CO2,C00011,0,s,,,,
0,1161,9.1,-9.6,Diphosphate,PPI,C00013,0,s,,,,
0,1162,9.1,-9.4,Water,H2O,C00001,0,s,,,,
0,1163,1.3,-5.8,Water,H2O,C00001,0,s,,,,
0,1164,2.8,-5.8,Uridine 5'-diphosphate,UDP,C00015,0,s,,,,
0,1165,5.3,-2.1,Uridine 5'-diphosphate,UDP,C00015,0,s,,,,
0,1166,5.2,-2.6,Thymidine 5'-diphosphate,DTDP,C00363,0,s,,,,
0,1167,9.5,-10.2,Phosphate,PI,C00009,0,s,,,,
0,1168,13.7,-10.2,Phosphate,PI,C00009,0,s,,,,
0,1169,14.1,-10.2,Carbon dioxide,CO2,C00011,0,s,,,,
0,1170,15.8,-10.2,Phosphate,PI,C00009,0,s,,,,
0,1171,17.9,-10.35,10-Formyl-THF,10FTHF,C00234,1,m,,,,
0,1172,18.3,-10.35,THF,THF,C00101,1,s,,,,
0,1173,17.9,-9.65,Formate,Form,C00058,1,s,,,,
0,1174,18.3,-9.65,Phosphate,PI,C00009,0,s,,,,
0,1175,19.9,-10.35,Water,H2O,C00001,0,s,,,,
0,1176,9.55,-8.8,Diphosphate,PPI,C00013,0,s,,,,
0,1177,10.25,-8.8,Water,H2O,C00001,0,s,,,,
0,1178,10.65,-8.8,Diphosphate,PPI,C00013,0,s,,,,
0,1179,11.3,-9.2,Water,H2O,C00001,0,s,,,,
0,1180,14.6,-9.2,Water,H2O,C00001,0,s,,,,
0,1181,15.8,-9.2,Water,H2O,C00001,0,s,,,,
0,1182,16.2,-9.2,Phosphate,PI,C00009,0,s,,,,
0,1183,18.1,-9,Carbon dioxide,CO2,C00011,0,s,,,,
0,1184,18.1,-9.5,Ammonia,NH3,C00014,0,s,,,,
0,1185,18.6,-9.6,Water,H2O,C00001,0,s,,,,
0,1186,18.4,-8.45,Water,H2O,C00001,0,s,,,,
0,1187,18.6,-8.4,Oxygen,O2,C00007,0,s,,,,
0,1188,19,-8.4,Ammonia,NH3,C00014,0,s,,,,
0,1189,19.2,-8.45,Hydrogen peroxide,H2O2,C00027,0,s,,,,
0,1190,19.25,-9.25,Water,H2O,C00001,0,s,,,,
0,1191,19.25,-9.1,Oxygen,O2,C00007,0,s,,,,
0,1192,19.5,-8.8,Hydrogen peroxide,H2O2,C00027,0,s,,,,
0,1193,20.25,-8.9,Water,H2O,C00001,0,s,,,,
0,1194,21.05,-8.8,Water,H2O,C00001,0,s,,,,
0,1195,21.3,-9.25,Carbon dioxide,CO2,C00011,0,s,,,,
0,1196,21.35,-9.1,Ammonia,NH3,C00014,0,s,,,,
0,1197,19.4,-9.6,Water,H2O,C00001,0,s,,,,
0,1198,21.2,-8.9,Oxygen,O2,C00007,0,s,,,,
0,1199,21.8,-9.1,Water,H2O,C00001,0,s,,,,
0,1200,21.35,-8.7,Oxygen,O2,C00007,0,s,,,,
0,1201,21.45,-8.6,Oxygen,O2,C00007,0,s,,,,
0,1202,22.15,-8.7,Water,H2O,C00001,0,s,,,,
0,1203,21.3,-8.3,Iodine,I2,C01382,0,s,,,,
0,1204,22.1,-8.35,Hydrogen iodide,HI,C05590,0,s,,,,
0,1205,21.3,-8.2,Water,H2O,C00001,0,s,,,,
0,1206,22.1,-8.2,Hydrogen peroxide,H2O2,C00027,0,s,,,,
0,1207,22.5,-8.5,Iodine,I2,C01382,0,s,,,,
0,1208,23.3,-8.5,Hydrogen iodide,HI,C05590,0,s,,,,
0,1209,22.5,-8.3,Water,H2O,C00001,0,s,,,,
0,1210,23.3,-8.3,Hydrogen peroxide,H2O2,C00027,0,s,,,,
0,1211,24.1,-8.5,Hydrogen peroxide,H2O2,C00027,0,s,,,,
0,1212,24.7,-8.5,Water,H2O,C00001,0,s,,,,
0,1213,24.5,-8.4,Dehydroalanine,Dehydroalanine,C02218,1,s,,,,
0,1214,22.55,-9.2,Hydrogen peroxide,H2O2,C00027,0,s,,,,
0,1215,23.9,-9.2,Water,H2O,C00001,0,s,,,,
0,1216,23.7,-9.25,Dehydroalanine,Dehydroalanine,C02218,1,s,,,,
0,1217,23.1,-9.6,Carbon dioxide,CO2,C00011,0,s,,,,
0,1218,23.5,-9.6,Oxygen,O2,C00007,0,s,,,,
0,1219,24.3,-9.6,Water,H2O,C00001,0,s,,,,
0,1220,19.4,-13.9,Ammonia,NH3,C00014,0,s,,,,
0,1221,21.6,-14.3,L-Glutamine,GLN_L,C00064,1,s,,,,
0,1222,22,-14.3,L-Glutamate,GLU_L,C00025,1,s,,,,
0,1223,21.4,-14.2,Water,H2O,C00001,0,s,,,,
0,1224,22.2,-14.2,Diphosphate,PPI,C00013,0,s,,,,
0,1225,21.2,-14.2,Adenosine 5'-triphosphate,ATP,C00002,0,s,,,,
0,1226,22.4,-14.2,Adenosine 5'-phosphate,AMP,C00020,0,s,,,,
0,1227,21.6,-13.6,Ammonia,NH3,C00014,0,s,,,,
0,1228,22,-13.6,Diphosphate,PPI,C00013,0,s,,,,
0,1229,21.4,-13.6,Adenosine 5'-triphosphate,ATP,C00002,0,s,,,,
0,1230,22.2,-13.6,Adenosine 5'-phosphate,AMP,C00020,0,s,,,,
0,1231,23.55,-14.15,Adenosine 5'-triphosphate,ATP,C00002,0,s,,,,
0,1232,23.95,-14.15,Adenosine 5'-diphosphate,ADP,C00008,0,s,,,,
0,1233,23.95,-13.65,Water,H2O,C00001,0,s,,,,
0,1234,23.6,-13.65,Phosphate,PI,C00009,0,s,,,,
0,1235,25.3,-13.6,Water,H2O,C00001,0,s,,,,
0,1236,24.9,-13.6,Phosphate,PI,C00009,0,s,,,,
0,1237,24.9,-14.2,Adenosine 5'-triphosphate,ATP,C00002,0,s,,,,
0,1238,25.2,-14.2,Adenosine 5'-diphosphate,ADP,C00008,0,s,,,,
0,1239,26.3,-13.7,Diphosphate,PPI,C00013,0,s,,,,
0,1240,25.7,-14.3,Diphosphate,PPI,C00013,0,s,,,,
0,1241,20.8,-13.4,Diphosphate,PPI,C00013,0,s,,,,
0,1242,21.15,-13.5,5-Phospho-alpha-D-ribose 1-diphosphate,PRPP,C00119,1,s,,,,
0,1243,20.95,-12.95,Phosphate,PI,C00009,0,s,,,,
0,1244,21.35,-12.95,alpha-D-Ribose 1-phosphate,R1P,C00620,1,s,,,,
0,1245,21.35,-12.45,D-Ribose,RIB_D,C00121,1,s,,,,
0,1246,20.95,-12.45,Phosphate,PI,C00009,0,s,,,,
0,1247,20.7,-13.1,Phosphate,PI,C00009,0,s,,,,
0,1248,20.7,-13.5,Water,H2O,C00001,0,s,,,,
0,1249,22.7,-13.15,Adenosine 5'-triphosphate,ATP,C00002,0,s,,,,
0,1250,22.7,-13.55,Adenosine 5'-diphosphate,ADP,C00008,0,s,,,,
0,1251,23.4,-12.95,Phosphate,PI,C00009,0,s,,,,
0,1252,23.4,-13.55,Water,H2O,C00001,0,s,,,,
0,1253,23.6,-13.05,Phosphate,PI,C00009,0,s,,,,
0,1254,23.9,-13.05,alpha-D-Ribose 1-phosphate,R1P,C00620,1,s,,,,
0,1255,23.8,-13.55,Diphosphate,PPI,C00013,0,s,,,,
0,1256,24.1,-13.2,5-Phospho-alpha-D-ribose 1-diphosphate,PRPP,C00119,1,s,,,,
0,1257,23.55,-12.4,Water,H2O,C00001,0,s,,,,
0,1258,23.95,-12.4,D-Ribose,RIB_D,C00121,1,s,,,,
0,1259,23.4,-12.2,Water,H2O,C00001,0,s,,,,
0,1260,23,-12.2,Ammonia,NH3,C00014,0,s,,,,
0,1261,21.6,-12.6,Water,H2O,C00001,0,s,,,,
0,1262,21.5,-12.35,Oxygen,O2,C00007,0,s,,,,
0,1263,21.6,-11.7,Hydrogen peroxide,H2O2,C00027,0,s,,,,
0,1264,23.45,-12.1,Water,H2O,C00001,0,s,,,,
0,1265,23.6,-12,Oxygen,O2,C00007,0,s,,,,
0,1266,24,-12,Hydrogen peroxide,H2O2,C00027,0,s,,,,
0,1267,22.5,-11.9,Water,H2O,C00001,0,s,,,,
0,1268,23.4,-11.9,Water,H2O,C00001,0,s,,,,
0,1269,23,-11.9,Ammonia,NH3,C00014,0,s,,,,
0,1270,23.55,-11.7,Phosphate,PI,C00009,0,s,,,,
0,1271,23.95,-11.7,alpha-D-Ribose 1-phosphate,R1P,C00620,1,s,,,,
0,1272,23.55,-11.2,Water,H2O,C00001,0,s,,,,
0,1273,23.85,-11.25,D-Ribose,RIB_D,C00121,1,s,,,,
0,1274,24.3,-10.9,Diphosphate,PPI,C00013,0,s,,,,
0,1275,24.3,-11.2,5-Phospho-alpha-D-ribose 1-diphosphate,PRPP,C00119,1,s,,,,
0,1276,23.4,-10.8,Water,H2O,C00001,0,s,,,,
0,1277,23.75,-11.15,D-Ribose-5P,R5P,C00117,1,s,,,,
0,1278,22.7,-11,Adenosine 5'-triphosphate,ATP,C00002,0,s,,,,
0,1279,22.7,-10.6,Adenosine 5'-diphosphate,ADP,C00008,0,s,,,,
0,1280,23.3,-10.7,Water,H2O,C00001,0,s,,,,
0,1281,23.3,-11.1,Phosphate,PI,C00009,0,s,,,,
0,1282,22.3,-11,Water,H2O,C00001,0,s,,,,
0,1283,21.9,-11,Ammonia,NH3,C00014,0,s,,,,
0,1284,20.95,-11.8,Phosphate,PI,C00009,0,s,,,,
0,1285,21.35,-11.8,alpha-D-Ribose 1-phosphate,R1P,C00620,1,s,,,,
0,1286,20.95,-11.3,Water,H2O,C00001,0,s,,,,
0,1287,21.45,-11.4,D-Ribose,RIB_D,C00121,1,s,,,,
0,1288,20.8,-10.7,Diphosphate,PPI,C00013,0,s,,,,
0,1289,21.25,-11.2,5-Phospho-alpha-D-ribose 1-diphosphate,PRPP,C00119,1,s,,,,
0,1290,21.35,-10.6,Water,H2O,C00001,0,s,,,,
0,1291,21.65,-10.9,D-Ribose-5P,R5P,C00117,1,s,,,,
0,1292,22.3,-10.8,Water,H2O,C00001,0,s,,,,
0,1293,21.9,-10.8,Ammonia,NH3,C00014,0,s,,,,
0,1294,20.85,-10.1,Guanosine 5'-triphosphate,GTP,C00044,0,s,,,,
0,1295,21.05,-10,L-Aspartate,ASP_L,C00049,1,s,,,,
0,1296,21.45,-10,Guanosine 5'-diphosphate,GDP,C00035,0,s,,,,
0,1297,21.65,-10.1,Phosphate,PI,C00009,0,s,,,,
0,1298,22.85,-10.1,Fumarate,FUM,C00122,1,s,,,,
0,1299,20.65,-10.8,Water,H2O,C00001,0,s,,,,
0,1300,20.9,-11.2,Phosphate,PI,C00009,0,s,,,,
0,1301,20.1,-11.2,Adenosine 5'-triphosphate,ATP,C00002,0,s,,,,
0,1302,20.1,-10.8,Adenosine 5'-diphosphate,ADP,C00008,0,s,,,,
0,1303,23.95,-10.1,Water,H2O,C00001,0,s,,,,
0,1304,23.55,-10.1,Phosphate,PI,C00009,0,s,,,,
0,1305,25,-10.7,Water,H2O,C00001,0,s,,,,
0,1306,24.6,-10.7,Phosphate,PI,C00009,0,s,,,,
0,1307,25.2,-10,Water,H2O,C00001,0,s,,,,
0,1308,24.8,-10,Phosphate,PI,C00009,0,s,,,,
0,1309,26.3,-10.5,Diphosphate,PPI,C00013,0,s,,,,
0,1310,25.7,-9.9,Diphosphate,PPI,C00013,0,s,,,,
0,1311,25,-12.9,Phosphate,PI,C00009,0,s,,,,
0,1312,25.4,-12.9,alpha-D-Ribose 1-phosphate,R1P,C00620,1,s,,,,
0,1313,25.75,-12.9,Water,H2O,C00001,0,s,,,,
0,1314,25.95,-12.9,Oxygen,O2,C00007,0,s,,,,
0,1315,26.35,-12.9,Hydrogen peroxide,H2O2,C00027,0,s,,,,
0,1316,26.55,-12.9,Carbon dioxide,CO2,C00011,0,s,,,,
0,1317,26.95,-12.9,Water,H2O,C00001,0,s,,,,
0,1318,27.9,-12.5,Water,H2O,C00001,0,s,,,,
0,1319,25.4,-9.8,Oxygen,O2,C00007,0,s,,,,
0,1320,25.6,-9.9,"5,6,7,8-Tetrahydrobiopterin","5,6,7,8-Tetrahydrobiopterin",C00272,1,s,,,,
0,1321,26.2,-9.8,Water,H2O,C00001,0,s,,,,
0,1322,26,-9.9,Dihydrobiopterin,Dihydrobiopterin,C00268,1,s,,,,
0,1323,25.5,-9.2,2-Oxoglutarate,AKG,C00026,1,s,,,,
0,1324,26.1,-9.4,L-Glutamate,GLU_L,C00025,1,s,,,,
0,1325,25.67,-8.55,Pyruvate,PYR,C00022,1,s,,,,
0,1326,26.35,-8.6,L-Alanine,ALA_L,C00041,1,s,,,,
0,1327,26.65,-8.3,Carbon dioxide,CO2,C00011,0,s,,,,
0,1328,25.15,-8.9,Oxygen,O2,C00007,0,s,,,,
0,1329,25.2,-8.8,Water,H2O,C00001,0,s,,,,
0,1330,25.45,-9.1,Ammonia,NH3,C00014,0,s,,,,
0,1331,25.65,-9.1,Hydrogen peroxide,H2O2,C00027,0,s,,,,
0,1332,27.4,-9.7,Violacein,Violacein,-101,1,m,,,,
0,1333,9.2,-4.2,Water,H2O,C00001,0,s,,,,
0,1334,9.2,-4.6,Phosphate,PI,C00009,0,s,,,,
0,1335,9.65,-7.7,Phosphate,PI,C00009,0,s,,,,
0,1336,10.55,-7.7,Water,H2O,C00001,0,s,,,,
0,1337,11.45,-7.25,Pyrrolo-quinoline quinone,PQQ,C00113,1,s,,,,
0,1338,11.05,-7.25,Reduced pyrroloquinoline-quinone,PQQH2,C01359,1,s,,,,
0,1339,11.95,-7.7,Adenosine 5'-triphosphate,ATP,C00002,0,s,,,,
0,1340,12.35,-7.7,Adenosine 5'-diphosphate,ADP,C00008,0,s,,,,
0,1341,13.4,-7.7,Phosphate,PI,C00009,0,s,,,,
0,1342,14.55,-7.7,Phosphate,PI,C00009,0,s,,,,
0,1343,10.5,-7.1,Quinone,Quinone,C15602,1,s,,,C00472|C03251,
0,1344,10.45,-7.3,Hydroquinone,HQN,C00530,1,s,,,C15603,
0,1345,13.65,-6.4,Carbon dioxide,CO2,C00011,0,s,,,,
0,1346,13.45,-6.4,Diphosphate,PPI,C00013,0,s,,,,
0,1347,12.7,-6.8,Water,H2O,C00001,0,s,,,,
0,1348,13.1,-6.8,Oxygen,O2,C00007,0,s,,,,
0,1349,5,-7.75,Adenosine 5'-triphosphate,ATP,C00002,0,s,,,,
0,1350,5,-7.35,Adenosine 5'-diphosphate,ADP,C00008,0,s,,,,
0,1351,8.9,-10.2,Adenosine 5'-triphosphate,ATP,C00002,0,s,,,,
0,1352,9.7,-10.2,Adenosine 5'-diphosphate,ADP,C00008,0,s,,,,
0,1353,11.4,-10.2,Adenosine 5'-triphosphate,ATP,C00002,0,s,,,,
0,1354,11.6,-10.2,Water,H2O,C00001,0,s,,,,
0,1355,12.4,-10.2,Adenosine 5'-diphosphate,ADP,C00008,0,s,,,,
0,1356,12.6,-10.2,Phosphate,PI,C00009,0,s,,,,
0,1357,13.1,-10.2,Adenosine 5'-triphosphate,ATP,C00002,0,s,,,,
0,1358,13.5,-10.2,Adenosine 5'-diphosphate,ADP,C00008,0,s,,,,
0,1359,15,-10.2,Adenosine 5'-triphosphate,ATP,C00002,0,s,,,,
0,1360,15.6,-10.2,Adenosine 5'-diphosphate,ADP,C00008,0,s,,,,
0,1361,7.4,-5.6,Adenosine 5'-triphosphate,ATP,C00002,0,s,,,,
0,1362,7.7,-6.1,Adenosine 5'-diphosphate,ADP,C00008,0,s,,,,
0,1363,8.5,-6.1,Adenosine 5'-triphosphate,ATP,C00002,0,s,,,,
0,1364,8.2,-5.6,Adenosine 5'-diphosphate,ADP,C00008,0,s,,,,
0,1365,5.6,0.75,Adenosine 5'-diphosphate,ADP,C00008,0,s,,,,
0,1366,5.6,1.15,Adenosine 5'-triphosphate,ATP,C00002,0,s,,,,
0,1367,6.4,0.85,Water,H2O,C00001,0,s,,,,
0,1368,6.4,1.25,Phosphate,PI,C00009,0,s,,,,
0,1369,7.8,-0.25,Water,H2O,C00001,0,s,,,,
0,1370,7.4,-0.35,Phosphate,PI,C00009,0,s,,,,
0,1371,7.8,0.25,Adenosine 5'-diphosphate,ADP,C00008,0,s,,,,
0,1372,7.4,0.25,Adenosine 5'-triphosphate,ATP,C00002,0,s,,,,
0,1373,8.5,0.3,Adenosine 5'-diphosphate,ADP,C00008,0,s,,,,
0,1374,8.5,0.7,Adenosine 5'-triphosphate,ATP,C00002,0,s,,,,
0,1375,7,1.25,Water,H2O,C00001,0,s,,,,
0,1376,7,1.65,Phosphate,PI,C00009,0,s,,,,
0,1377,6.2,1.35,Adenosine 5'-diphosphate,ADP,C00008,0,s,,,,
0,1378,6.2,1.75,Adenosine 5'-triphosphate,ATP,C00002,0,s,,,,
0,1379,7.8,1.2,Water,H2O,C00001,0,s,,,,
0,1380,7.4,1.5,Phosphate,PI,C00009,0,s,,,,
0,1381,8.4,1.6,Adenosine 5'-diphosphate,ADP,C00008,0,s,,,,
0,1382,8,1.9,Adenosine 5'-triphosphate,ATP,C00002,0,s,,,,
0,1383,7.05,1,Water,H2O,C00001,0,s,,,,
0,1384,7,0.5,Phosphate,PI,C00009,0,s,,,,
0,1385,7.65,0.65,Adenosine 5'-diphosphate,ADP,C00008,0,s,,,,
0,1386,7.5,0.35,Adenosine 5'-triphosphate,ATP,C00002,0,s,,,,
0,1387,9.2,-1.65,Water,H2O,C00001,0,s,,,,
0,1388,9.2,-0.25,Phosphate,PI,C00009,0,s,,,,
0,1389,9.35,2.65,Adenosine 5'-diphosphate,ADP,C00008,0,s,,,,
0,1390,9.6,2.65,Adenosine 5'-triphosphate,ATP,C00002,0,s,,,,
0,1391,9.2,2.15,Water,H2O,C00001,0,s,,,,
0,1392,9.6,2.15,Phosphate,PI,C00009,0,s,,,,
0,1393,10.3,-0.2,Adenosine 5'-diphosphate,ADP,C00008,0,s,,,,
0,1394,10.7,-0.2,Adenosine 5'-triphosphate,ATP,C00002,0,s,,,,
0,1395,10.3,0.3,Water,H2O,C00001,0,s,,,,
0,1396,10.7,0.3,Phosphate,PI,C00009,0,s,,,,
0,1397,12.2,-0.2,Water,H2O,C00001,0,s,,,,
0,1398,13.3,-0.3,Adenosine 5'-diphosphate,ADP,C00008,0,s,,,,
0,1399,13.7,-0.2,Adenosine 5'-triphosphate,ATP,C00002,0,s,,,,
0,1400,13.3,0.4,Adenosine 5'-phosphate,AMP,C00020,0,s,,,,
0,1401,13.7,0.4,Adenosine 5'-triphosphate,ATP,C00002,0,s,,,,
0,1402,10.9,-0.15,Phosphate,PI,C00009,0,s,,,,
0,1403,11.3,-0.6,Water,H2O,C00001,0,s,,,,
0,1404,11.8,-0.05,Phosphate,PI,C00009,0,s,,,,
0,1405,11.5,-0.15,Water,H2O,C00001,0,s,,,,
0,1406,11.9,-0.65,Adenosine 5'-diphosphate,ADP,C00008,0,s,,,,
0,1407,12.1,-0.6,Adenosine 5'-triphosphate,ATP,C00002,0,s,,,,
0,1408,5.25,-0.6,Adenosine 5'-diphosphate,ADP,C00008,0,s,,,,
0,1409,5.05,-0.4,Adenosine 5'-triphosphate,ATP,C00002,0,s,,,,
0,1410,6.4,-1.2,Water,H2O,C00001,0,s,,,,
0,1411,6.25,0.7,Adenosine 5'-triphosphate,ATP,C00002,0,s,,,,
0,1412,6.2,0.3,Adenosine 5'-diphosphate,ADP,C00008,0,s,,,,
0,1413,8.3,2.1,Oxygen,O2,C00007,0,s,,,,
0,1414,8.3,1.7,Hydrogen peroxide,H2O2,C00027,0,s,,,,
0,1415,10.4,2.2,Water,H2O,C00001,0,s,,,,
0,1416,6.85,-1.7,Carbon dioxide,CO2,C00011,0,s,,,,
0,1417,8.2,-3.3,Adenosine 5'-triphosphate,ATP,C00002,0,s,,,,
0,1418,8.35,-2.8,Adenosine 5'-diphosphate,ADP,C00008,0,s,,,,
0,1419,8.4,-4.35,Adenosine 5'-triphosphate,ATP,C00002,0,s,,,,
0,1420,8.4,-4.85,Adenosine 5'-phosphate,AMP,C00020,0,s,,,,
0,1421,18.3,0.3,Coenzyme A,COA,C00010,0,s,,,,
0,1422,18.5,-0.3,Water,H2O,C00001,0,s,,,,
0,1423,19.1,0.4,Adenosine 5'-triphosphate,ATP,C00002,0,s,,,,
0,1424,19.2,0.25,Coenzyme A,COA,C00010,0,s,,,,
0,1425,19.2,0.05,Adenosine 5'-diphosphate,ADP,C00008,0,s,,,,
0,1426,19.1,-0.15,Phosphate,PI,C00009,0,s,,,,
0,1427,19,1.7,Water,H2O,C00001,0,s,,,,
0,1428,19.8,2.4,Water,H2O,C00001,0,s,,,,
0,1429,19.6,2.55,Carbon dioxide,CO2,C00011,0,s,,,,
0,1430,22.2,1.4,Carbon dioxide,CO2,C00011,0,s,,,,
0,1431,22.2,2.15,Adenosine 5'-diphosphate,ADP,C00008,0,s,,,,
0,1432,22.05,2.05,Phosphate,PI,C00009,0,s,,,,
0,1433,22.5,2.15,Adenosine 5'-triphosphate,ATP,C00002,0,s,,,,
0,1434,22.1,2.4,Carbon dioxide,CO2,C00011,0,s,,,,
0,1435,23.1,1.65,FADH2,FADH2,C01352,0,s,,,,
0,1436,23.5,1.65,Flavin adenine dinucleotide,FAD,C00016,0,s,,,,
0,1437,22.85,-0.05,Carbon dioxide,CO2,C00011,0,s,,,,
0,1438,23,-0.55,Carbon dioxide,CO2,C00011,0,s,,,,
0,1439,22.75,0.45,Coenzyme A,COA,C00010,0,s,,,,
0,1440,23,-0.05,Coenzyme A,COA,C00010,0,s,,,,
0,1441,21.55,-1.95,Adenosine 5'-triphosphate,ATP,C00002,0,s,,,,
0,1442,21.75,-1.9,Adenosine 5'-diphosphate,ADP,C00008,0,s,,,,
0,1443,22.15,-1.8,Phosphate,PI,C00009,0,s,,,,
0,1444,21.4,-1.9,Coenzyme A,COA,C00010,0,s,,,,
0,1445,21.9,-2.4,Water,H2O,C00001,0,s,,,,
0,1446,21.5,-2.4,Coenzyme A,COA,C00010,0,s,,,,
0,1447,20.15,-1.45,Water,H2O,C00001,0,s,,,,
0,1448,19.5,0,Water,H2O,C00001,0,s,,,,
0,1449,19.7,-0.6,Coenzyme A,COA,C00010,0,s,,,,
0,1450,20.25,0.6,Water,H2O,C00001,0,s,,,,
0,1451,20.3,0.7,Oxygen,O2,C00007,0,s,,,,
0,1452,20.2,0.35,Hydrogen peroxide,H2O2,C00027,0,s,,,,
0,1453,21.5,0.05,Carbon dioxide,CO2,C00011,0,s,,,,
0,1454,21.1,0,Adenosine 5'-triphosphate,ATP,C00002,0,s,,,,
0,1455,20.95,0,Coenzyme A,COA,C00010,0,s,,,,
0,1456,20.5,0,Adenosine 5'-phosphate,AMP,C00020,0,s,,,,
0,1457,20.65,0,Diphosphate,PPI,C00013,0,s,,,,
0,1458,20.6,-0.4,Water,H2O,C00001,0,s,,,,
0,1459,21,-0.4,Coenzyme A,COA,C00010,0,s,,,,
0,1460,20.4,-1.6,Carbon dioxide,CO2,C00011,0,s,,,,
0,1461,22.3,0.25,S-Succinyldihydrolipoamide,S-Succinyldihydrolipoamide,C01169,0,m,,,,
0,1462,22.1,0.95,Lipoamide,Lipoamide,C00248,0,s,,,,
0,1463,22.1,0.55,Carbon dioxide,CO2,C00011,0,s,,,,
0,1464,21.9,-0.6,Coenzyme A,COA,C00010,0,s,,,,
0,1465,21.75,-1.3,Dihydrolipoamide,Dihydrolipoamide,C00579,0,s,,,,
0,1466,16.7,1.4,Coenzyme A,COA,C00010,0,s,,,,
