Pathway ID,Metabolite ID,Metabolite Level,Metabolite Level Position,Metabolite Names,Metabolite Abbreviation,KEGG ID,Pathway KEGG ID,Border,,,,,,,,,,,,,,,,,,,
0,,0,-8,1D-myo-Inositol-1P,MI1P_D,C01177,79,1,,f,,,,,,,,,,,,,,,,,
0,,0,-5,a-D-Glucose-6P,aG6P,C00668,,1, ,f,,,,,,,,,,,,,,,,,
0,,0.1,-10,5-Dehydro-4-Deoxyglutarate,5DH4DGLC,C00679,6,0,,f,,,,,,,,,,,,,,,,,
0,,0.1,-9,D-Glucarate,GLCR,C00818,6,0,,f,,,,,,,,,,,,,,,,,
0,,0.1,-4.5,B-D-Fructose,Bfru,,,1, ,f,,,,,,,,,,,,,,,,,
0,,0,-4,a-D-Glucose-1P,aG1P,C00103,,1, ,f,,,,,,,,,,,,,,,,,
0,,0.1,-3.5,D-Glucose,DGlc,C00031,,1, ,f,,,,,,,,,,,,,,,,,
0,,0.1,2,Maltose,MALT,C00208,,0,,f,,,,,,,,,,,,,,,,,
0,,0.4,-0.6,Amylopectin,Amylopectin,C00317,,0,,f,,,,,,,,,,,,,,,,,
0,,0.5,-2.6,Cellobiose,Cellobiose,C00185,,0,,f,,,,,,,,,,,,,,,,,
0,,0.6,-10,2-Dehydro-3-Deoxyglutarate,2-Dehydro-3-Deoxyglutarate,C03921,6,0,,f,,,,,,,,,,,,,,,,,
0,,0.6,-5.6,B-D-Glucose,B-Glc,C00221,,1,o,,,,,,,,,,,,,,,,,,
0,,0.9,-8,myo-Inositol,INOST,C00137,79|6,1,,f,,,,,,,,,,,,,,,,,
0,,0.9,2,Limited dextrin,Limited dextrin,C02049,,0,,f,,,,,,,,,,,,,,,,,
0,,1,-7,3-Phosphatidyl-1D-myo-Inositol,3-Phosphatidyl-1D-myo-Inisotol,-6,,1,,f,can't find,,,,,,,,,,,,,,,,
0,,1,-1,"Adenosine-3',5'-Monophosphate",CAMP,C00575,,1,,f,,,,,,,,,,,,,,,,,
0,,1.1,-9,D-Glucoronolactone,D-Glucoronolactone,C02670,,0,,f,,,,,,,,,,,,,,,,,
0,,1.2,-1.2,Amylose,Amylose,C00718,61,0,,f,,,,,,,,,,,,,,,,,
0,,1.6,-5.6,B-Glucosides (Arbutin),B-Glucosides (Arbutin),C06186, ,1, ,f,,,,,,,,,,,,,,,,,
0,,1.3,-10.2,Pyruvate,Pyruvate,,,1,o,,,,,,,,,,,,,,,,,,
0,,1.3,-9.6,Tartronate Semialdehyde,2H3OPPAN,C01146,6,1,,f,,,,,,,,,,,,,,,,,
0,,1.7,-4.9,Sucrose-6P,SUC6P,C02591,61,0,,f,,,,,,,,,,,,,,,,,
0,,1.7,-3.8,Sucrose,SUCR,C00089,61,1,,f,,,,,,,,,,,,,,,,,
0,,1.7,-2.6,Cellulose,Cellulose,C00760,,0,,f,,,,,,,,,,,,,,,,,
0,,2.5,-4.9,D-Fructose-6P,D-Fructose-6P,,,1,s,,,,,,,,,,,,,,,,,,
0,,2.5,-3.8,D-Fructose,Fru,C00095,,1,s,,,,,,,,,,,,,,,,,,
0,,3,-10,L-Gulonolactone,L-Gulunolactone,C01040,,0,,f,,,,,,,,,,,,,,,,,
0,,3,-9,L-Gulonate,L-Gulonate,C00800,6,0,,f,,,,,,,,,,,,,,,,,
0,,3,-8,D-Glucuronate,GLCUR,C00191,3|79,1,,f,,,,,,,,,,,,,,,,,
0,,3,-7,D-Glucuronate-1P,GLCUR1P,C05385,3,0,,f,,,,,,,,,,,,,,,,,
0,,3,-6,UDP-D-Glucuronate,UDPGLCUR,C00167,3|61,1,,f,,,,,,,,,,,,,,,,,
0,,3.2,-4.4,D-Galactose,GAL,C00124,5,0,,f,,,,,,,,,,,,,,,,,
0,,3.2,-3,a-D-Galactose-1P,GAL1P,C00446,5,0,,f,,,,,,,,,,,,,,,,,
0,,3.2,-0.4,UDP-D-Glucose,UDPG,C00029,6|61,1,,f,,,,,,,,,,,,,,,,,
0,,3.2,0.4,ADP-D-Glucose,ADPGLC,C00498,61,1,,f,,,,,,,,,,,,,,,,,
0,,3.4,-4.4,D-Glucose,DGlc,C00031,,1,s,,,,,,,,,,,,,,,,,,
0,,3.6,-2,dTDP-D-Galactose,dTDP-D-Galactose,C02097,,0,,f,,,,,,,,,,,,,,,,,
0,,3.6,-1,GDP-D-Glucose,GDP-D-Glucose,C00394,,0,,f,,,,,,,,,,,,,,,,,
0,,3.8,-7,Pectin,Pectin,C00714,,0,,f,,,,,,,,,,,,,,,,,
0,,4.3,-3.5,D-Glucose,DGlc,C00031,,1,s,,,,,,,,,,,,,,,,,,
0,,4.2,-10,L-xylo-Hexulonolactone,L-xylo-Hexulonolactone,C03289,,0,,identification based on position and reaction name,,,,,,,,,,,,,,,,,
0,,4.4,-9,3-Dehydro-L-Gulonate,3DHGULN,C00618,6,0,,f,,,,,,,,,,,,,,,,,
0,,4.5,-5.2,Raffinose,Raffinose,C00492,,0,,f,,,,,,,,,,,,,,,,,
0,,4.7,-5.5,Rutin,Rutin,C05625,,0,,f,,,,,,,,,,,,,,,,,
0,,4.6,-8,D-Galacturonate,GALUR,C00333,3|6,0,,f,,,,,,,,,,,,,,,,,
0,,4.6,-7,D-Galacturonate-1P,D-Galacturonate-1P,C04037,,0,,f,,,,,,,,,,,,,,,,,
0,,4.6,-6,UDP-D-Galacturonate,UDP-D-Galacturonate,C00617, ,0,,f,,,,,,,,,,,,,,,,,
0,,4.6,-4.4,Lactose,Lactose,LCTS,,0,,f,,,,,,,,,,,,,,,,,
0,,4.6,-3,UDP-D-Galactose,UDPGAL,C00052,5,1,,f,,,,,,,,,,,,,,,,,
0,,4.6,-2.2,dTDP-L-Rhamnose,DTDPRMN,C03319,,0,,f,,,,,,,,,,,,,,,,,
0,,4.6,-1.8,UDP-L-Rhamnose,UDP-L-Rhamnose,C02199,,0,,f,,,,,,,,,,,,,,,,,
0,,4.6,-1,dTDP-D-Glucose,DTDPGLU,C00842,,0,,f,,,,,,,,,,,,,,,,,
0,,5,-10,L-Ascorbate,ASCB_L,C00072,6,0,,f,,,,,,,,,,,,,,,,,
0,,5,0,a-D-Glucose-1P,G1P,C00103,0,1,,f,,,,,,,,,,,,,,,,,
0,,5,1,D-Gluconate,GLCN,C00257,2,1,,f,,,,,,,,,,,,,,,,,
0,,5,2,"D-Glucono-1,5-lactone",Glu15lac,C00198,2,1,,f,,,,,,,,,,,,,,,,,
0,,5.3,-9.7,Oxid Glutathione,Oxid Glutathione,,,1,s,,,,,,,,,,,,,,,,,,
0,,5.4,-8,UDP-L-Arabinose,UDP-L-Arabinose,C00935,,0,,f,,,,,,,,,,,,,,,,,
0,,5.4,-6.4,UDP-a-D-Xylose,UDP-a-D-Xylose,C00190,,0,,f,,,,,,,,,,,,,,,,,
0,,5.5,-0.6,"a-D-Glucose-1,6P2",aG16P,C01231,61,0,,f,,,,,,,,,,,,,,,,,
0,,5.7,-5.4,2-Dehydro-3-deoxy-D-gluconate,2DDGLCN,C00204,2,0,,f,,,,,,,,,,,,,,,,,
0,,5.7,-9.7,2-Glutathione,2-Glutathione,,,1,s,,,,,,,,,,,,,,,,,,
0,,5.9,-4.4,Pyruvate,PYR,C00022,2,1,,f,,,,,,,,,,,,,,,,,
0,,6,-7.2,Pentosans,Pentosans,C06016,,0,,f,,,,,,,,,,,,,,,,,
0,,6,-3.4,2-Dehydro-3-deoxy-D-gluconate-6P,2DDG6P,C04442,2,0,,f,,,,,,,,,,,,,,,,,
0,,6,-2,D-Gluconate-6P,6PGC,C00345,2,0,,f,,,,,,,,,,,,,,,,,
0,,6,-1,"D-Glucono-1,5-lactone-6P",6PGL,C01236,2,0,,f,,,,,,,,,,,,,,,,,
0,,6,0,a-D-Glucose-6P,aG6P,C00668,0,1,,,dupl,,,,,,,,,,,,,,,,
0,,6,0,D-Glucose-6P,G6P,C00092,0,1,,f,dupl,most models do not distinguish between a-D and D,,,,,,,,,,,,,,,
0,,6,2,D-Glucose,GLC_D,C00031, ,1,,f,,,,,,,,,,,,,,,,,
0,,6,-10,L-Dehydroascorbate,L-Dehydroascorbate,C05422,,1,,f,,,,,,,,,,,,,,,,,
0,,6,-9,"2,3-Dioxo-L-Gulonate (2,3-Diketo-L-gulonate)","2,3-Dioxo-L-Gulonate",C04575,3,0,,identification based on map 3,,,,,,,,,,,,,,,,,
0,,6.1,-8,L-Arabinose,ARAB_L,C00259,3,0,,f,,,,,,,,,,,,,,,,,
0,,6.1,-6.4,D-Xylose,XYL-D,C00181,3,0,,f,,,,,,,,,,,,,,,,,
0,,6.1,-4.4,Glyceraldehyde-3P,G3P,C00661,0,1,,f,,,,,,,,,,,,,,,,,
0,,6.8,-9,L-Lyxonate,L-Lyxonate,C05412,,0,,f,,,,,,,,,,,,,,,,,
0,,6.8,-10.2,L-Threonate,L-Threonate,C01620,6,0,,f,,,,,,,,,,,,,,,,,
0,,6.8,-9.8,Oxalate,Oxalate,C00209,,1, ,f,,,,,,,,,,,,,,,,,
0,,6.6,-8,L-Arabinitol,L-Arabinitol,C00532,3,0,,f,,,,,,,,,,,,,,,,,
0,,6.6,-6.4,Xylitol,Xylitol,C00379,3,0,,f,,,,,,,,,,,,,,,,,
0,,6.6,-5.4,D-Xylulose,XYLU-D,C00310,3,0,,f,,,,,,,,,,,,,,,,,
0,,6.6,-4.4,D-Ribitol,Ribitol,C00474,3,0,,f,,,,,,,,,,,,,,,,,
0,,6.6,-3.4,D-Ribulose,Ribl-D,C00309,3,0,,f,,,,,,,,,,,,,,,,,
0,,6.6,1,a-D-Mannose-6P,MAN6P,C00275,4,0,,f,,,,,,,,,,,,,,,,,
0,,6.6,2,D-Mannose,MAN,C00159,4,0,,f,,,,,,,,,,,,,,,,,
0,,6.6,2.6,D-Sorbitol,SBT_D,C00794,4,0,,f,,,,,,,,,,,,,,,,,
0,,6.8,-9,L-Xylonate,L-Xylonate,C05411,,0,,f,,,,,,,,,,,,,,,,,
0,,7,-2,D-Ribulose-5P,RU5P-D,C00199,2,1,,f,,,,,,,,,,,,,,,,,
0,,7,-1,D-arabino-hex-3-ulose 6-phosphate,D-arabino-hex-3-ulose 6-phosphate,C06019,,0,,f,"Note: can't find 3-Oxo-6P-Hexulose anywhere. Since 6-phospho-3-hexuloisomerase reaction is D-arabino-hex-3-ulose 6-phosphate <==> D-fructose 6-phosphate,",,,,,,,,,,,,,,,,assume this is the correct compound.
0,,7,0,B-D-Fructose-6P,F6P,C00085,0,1,,f,,,,,,,,,,,,,,,,,
0,,7.1,-4.4,Acetate,AC,C00033,0,1,,f,,,,,,,,,,,,,,,,,
0,,7.3,-3.4,Acetyl phosphate,ACTP,C00227,,1,,f,,,,,,,,,,,,,,,,,
0,,7.4,2,D-Fructose,FRU,C00095,0,1,,f,,,,,,,,,,,,,,,,,
0,,7.5,1.3,"B-D-Fructose-2,6P2","B-D-Fructose-2,6P2",C00665,4,0,,f,,,,,,,,,,,,,,,,,
0,,7.5,-4.4,Acetyl-CoA,ACCOA,C00024,0,1,,f,,,,,,,,,,,,,,,,,
0,,7.6,-10.2,3-Dehydrothreonate,3-Dehydrothreonate,C03064,6,0,,f,,,,,,,,,,,,,,,,,
0,,7.6,-9,L-Erythroascorbate,L-Erythroascorbate,-3,,0,,f,can't find,,,,,,,,,,,,,,,,
0,,7.6,-8,L-Xylulose,XYLU_L,C00312,3,0,,f,,,,,,,,,,,,,,,,,
0,,7.6,-6.4,D-Xylulose-5P,XU5P_D,C00231,3,0,,f,,,,,,,,,,,,,,,,,
0,,7.6,-5.4,L-Ribulose-5P,RU5P_L,C01101,2,0,,f,,,,,,,,,,,,,,,,,
0,,7.6,-1.2,D-Xylulose-5P,XU5P_D,C00231,2,1,,f,,,,,,,,,,,,,,,,,
0,,8,-3.4,D-Ribose,RIB_D,C00121,2,1,,f,,,,,,,,,,,,,,,,,
0,,8,-2,D-Ribose-5P,R5P,C00117,2,1,,f,,,,,,,,,,,,,,,,,
0,,8,-1,D-Erythrose-4P,E4P,C00279,2,1,,f,,,,,,,,,,,,,,,,,
0,,8.2,0,"B-D-Fructose-1,6P2",F16P,C00354,0|4,1,,f,,,,,,,,,,,,,,,,,
0,,8.2,1,B-D-Fructose-1P,F1P, ,0,0,,,can't find,,,,,,,,,,,,,,,,
0,,8.2,1,D-Fructose-1P,F1P,C01094,4,0,,f,,,,,,,,,,,,,,,,,
0,,8.5,-8,L-Ribulose,RIBL_L,C00508,3,0,,f,,,,,,,,,,,,,,,,,
0,,8.5,-0.8,D Sedoheptulose-7P,S7P,C00281,2,1,,f,,,,,,,,,,,,,,,,,
0,,8.6,-2.6,L-Glutamine,GLN_L,C00064,,1,s,,,,,,,,,,,,,,,,,,
0,,8.8,-10,B-D-Ribosylamine-5P,PRAM,C03090,20|38,0,,f,,,,,,,,,,,,,,,,,
0,,8.8,-9,5-Phospho-alpha-D-ribose 1-diphosphate,PRPP,C00119,2|20|23|38,1,,f,,,,,,,,,,,,,,,,,
0,,9,-8.6,L-Glutamate,GLU_L,C00025,,1,s,,,,,,,,,,,,,,,,,,
0,,9,-8.4,L-Glutamine,GLN_L,C00064,,1,s,,,,,,,,,,,,,,,,,,
0,,9,0,Glyceraldehyde-3P,GAPD,C00661,0,1,,f,,,,,,,,,,,,,,,,,
0,,9,1,Glycerone-P,DHAP,C00111,0,1,,f,,,,,,,,,,,,,,,,,
0,,9,2.4,sn-Glycerol-3P,Glycerol-3P,C03189,,1,,f,,,,,,,,,,,,,,,,,
0,,9.2,-1.8,Formaldehyde,Formaldehyde,C00067,,0,,f,,,,,,,,,,,,,,,,,
0,,9.6,-2.6,L-Glutamate,GLU_L,C00025,,1,s,,,,,,,,,,,,,,,,,,
0,,9.8,-0.8,"D-Sedoheptulose-1,7P2","D-Sedoheptulose-1,7P2",C00447,,1,,f,,,,,,,,,,,,,,,,,
0,,9.8,1.6,D-Glyceraldehyde,GLYALD,C00577,,0,,f,,,,,,,,,,,,,,,,,
0,,9.8,2.4,Glycerol,GLYC,C00116,,1,,f,,,,,,,,,,,,,,,,,
0,,10,-2.1,Methanol,Methanol,,,0,o,,,,,,,,,,,,,,,,,,
0,,10,-1.5,Formate,Form,C00058,,1,,f,,,,,,,,,,,,,,,,,
0,,10,0,"Glycerate-1,3P2",13BPG,C00236,0,1,,f,,,,,,,,,,,,,,,,,
0,,10.4,2.4,2-Hydroxypropionaldehyde,2-Hydroxypropionaldehyde,C05999,,0,,f,,,,,,,,,,,,,,,,,
0,,10.5,1.6,"1,2- Propanediol","1,2- Propanediol",C00583,,0,,f,,,,,,,,,,,,,,,,,
0,,11,-2.1,Methane,Methane,,,1,o,,,,,,,,,,,,,,,,,,
0,,11,-1.5,CO2,CO2,,,0,o,,,,,,,,,,,,,,,,,,
0,,11,0,D-Glycerate-3P,3PGA,C00197,0,1,,f,,,,,,,,,,,,,,,,,
0,,11,1,3P-Hydroxypyruvate,3PHP,C03232,,0,,f,,,,,,,,,,,,,,,,,
0,,11,2.4,3P-Serine,PSER_L,C01005,,0,,f,,,,,,,,,,,,,,,,,
0,,11.2,1.8,L-Glutamate,GLU_L,C00025,,1,s,,,,,,,,,,,,,,,,,,
0,,11.2,2.2,2-Oxoglutarate,AKG,C00026,,1,s,,,,,,,,,,,,,,,,,,
0,,11.6,-0.5,"Glycerate-2,3P2",23BPG,C01159,0,0,,f,,,,,,,,,,,,,,,,,
0,,12,-1.7,Glyoxylate,GLX,C00048,,1,,f,,,,,,,,,,,,,,,,,
0,,12,-1,Tartronate Semialdehyde,2H3OPPAN,C01146,6,1,,f,,,,,,,,,,,,,,,,,
0,,12,0,D-Glycerate-2P,2PGA,C00631,0,1,,f,,,,,,,,,,,,,,,,,
0,,12,1,D-Glycerate,GLYC_R,C00258,,0,,f,,,,,,,,,,,,,,,,,
0,,12,2.4,Hydroxypyruvate,HPYR,C00168,,1,,f,,,,,,,,,,,,,,,,,
0,,12.4,2.5,tRNA(Ala),TRNAALA,C01635,,1,,f,,,,,,,,,,,,,,,,,
0,,12.7,2.8,L-Alanine,ALA_L,C00041,,1,,f,,,,,,,,,,,,,,,,,
0,,12.7,2,L-Alalyl-tRNA,ALATRNA,C00886,,1,,f,,,,,,,,,,,,,,,,,
0,,12.9,-2.2,Glycolate,GLYCLT,C00160,,1,,f,,,,,,,,,,,,,,,,,
0,,13,0,Phosphoenolpyruvate,PEP,C00074,0,1,,f,,,,,,,,,,,,,,,,,
0,,13.6,0.8,L-Glutamate,GLU_L,C00025,,1,s,,,,,,,,,,,,,,,,,,
0,,13.6,1.2,2-Oxoglutarate,AKG,C00026,,1,s,,,,,,,,,,,,,,,,,,
0,,14,0,Pyruvate,PYR,C00022,0,1,,f,,,,,,,,,,,,,,,,,
0,,14.2,1.8,L-Lactate,LAC_L,C00186,0|90,0,,f,,,,,,,,,,,,,,,,,
0,,14.7,1.8,D-Lactate,LAC_D,C00256,90,1,,f,,,,,,,,,,,,,,,,,
0,,15,0,2-(a-Lactoyl)ThPP,2-(a-Lactoyl)ThPP,-1,,0,,f,,,,,,,,,,,,,,,,,
0,,15.5,1.8,Acetaldehyde,ACALD,C00084,0,1,,f,,,,,,,,,,,,,,,,,
0,,15.5,2.5,Ethanol,ETOH,C00469,0,0,,f,,,,,,,,,,,,,,,,,
0,,16,0,2-(a-Hydroxyethyl)ThPP,2-(a-Hydroxyethyl)ThPP,C05125,,0,,f,,,,,,,,,,,,,,,,,
0,,16.5,1.8,Acetate,AC,C00033,0,1,,f,,,,,,,,,,,,,,,,,
0,,17,-1.2,Methyl-Malonyl CoA,Methyl-Malonyl CoA,,,1,s,,,,,,,,,,,,,,,,,,
0,,17,0,6-S-Acetyldihydrolipoate,6-S-Acetyldihydrolipoate,-2,,0,, ,,,,,,,,,,,,,,,,,
0,,17.5,1.8,Acetyl Adenylate,Acetyl Adenylate,C05993,,0,,f,,,,,,,,,,,,,,,,,
0,,17.8,-0.5,Formate,Form,C00058,,1, ,,,,,,,,,,,,,,,,,,
0,,17.9,-1.2,Propionyl-CoA,PPCOA,C00100,,1,s,f,,,,,,,,,,,,,,,,,
0,,18,0,Acetyl-CoA,ACCOA,C00024,1,1,,f,,,,,,,,,,,,,,,,,
0,,18.4,1.8,O-Acetylcarnitine,O-Acetylcarnitine,C02571,,1,,f,,,,,,,,,,,,,,,,,
0,,18.5,-2.1,L-Oxosuccinamate,L-Oxosuccinamate,C02362,,0,,f,,,,,,,,,,,,,,,,,
0,,18.6,1.4,Carnitine,Carnitine, ,,1,s,,,,,,,,,,,,,,,,,,
0,,18.8,-0.7,Oxaloacteate,OAA,C00036,1,1,,f,,,,,,,,,,,,,,,,,
0,,18.8,1,Citrate,CIT,C00158,1,0,,f,,,,,,,,,,,,,,,,,
0,,19.3,-1.8,L-Glutamate,GLU_L,C00025,,0,s,,,,,,,,,,,,,,,,,,
0,,19.4,2,cis-Aconitate,cisAcon,C00417,1,0,,f,,,,,,,,,,,,,,,,,
0,,19.4,2.6,Itaconate,Itaconate,C00490,,0,,f,,,,,,,,,,,,,,,,,
0,,19.6,-1.5,(S)-Malate,MAL,C00149,1,1,,f,,,,,,,,,,,,,,,,,
0,,19.6,1.2,Glycolate,GLYCLT,C00160,,1,,f,,,,,,,,,,,,,,,,,
0,,19.8,-2,2-Oxoglutarate,AKG,C00026,,0,s,,,,,,,,,,,,,,,,,,
0,,20.4,-1.8,Fumarate,FUM,C00122,1,1,,f,,,,,,,,,,,,,,,,,
0,,20.5,-0.6,Formyl-CoA,Formyl-CoA,C00798,,0,,f,,,,,,,,,,,,,,,,,
0,,20.5,0.3,Oxalyl-CoA,Oxalyl-CoA,C00313,,0,,f,,,,,,,,,,,,,,,,,
0,,20.5,1.2,Glyoxylate,GLX,C00048,,1,,f,,,,,,,,,,,,,,,,,
0,,20.5,2.2,D-Isocitrate,ICI,C00311,1,0,,f,,,,,,,,,,,,,,,,,
0,,20.8,1.4,L-Glutamate,GLU_L,C00025,,1,s,,,,,,,,,,,,,,,,,,
0,,21.2,-1.9,Succinate,SUC,C00042,1,1,,f,,,,,,,,,,,,,,,,,
0,,21.2,-0.6,Formate,Form,C00058,,1,,f,,,,,,,,,,,,,,,,,
0,,21.2,0.3,Oxalate,Oxalate,C00209,,1,,f,,,,,,,,,,,,,,,,,
0,,21.9,2.1,Oxalosuccinate,Oxalosuccinate,C05379,1,0,,f,,,,,,,,,,,,,,,,,
0,,22,-1.5,Succinyl-CoA,SUCCOA,C00091,1,1,,f,,,,,,,,,,,,,,,,,
0,,21.7,0,Pyruvate,PYR,C00022,0,1,s,,,,,,,,,,,,,,,,,,
0,,21.9,0.1,L-Alanine,ALA_L,C00041,,1,s,,,,,,,,,,,,,,,,,,
0,,22.6,1.6,2-Oxoglutarate,AKG,C00026,1,1,,f,,,,,,,,,,,,,,,,,
0,,22.6,2.3,2-Oxoglutaramate,2-Oxoglutaramate,C00940,,0,,f,,,,,,,,,,,,,,,,,
0,,22.6,3.6,L-Glutamine,GLN_L,C00064,,0,,f,,,,,,,,,,,,,,,,,
0,,22.6,-2,Glycyl-tRNA,GLYTRNA,C02412,,1,,f,,,,,,,,,,,,,,,,,
0,,22.9,-1.7,Glycine,GLY,C00037,,1,,f,,,,,,,,,,,,,,,,,
0,,23,-2.1,Acetyl-CoA,ACCOA,C00024,,1,,f,,,,,,,,,,,,,,,,,
0,,23.4,2.4,Oxaloacteate,OAA,C00036,,1,,f,,,,,,,,,,,,,,,,,
0,,23.7,1.4,2-Hydroxyglutarate,2-Hydroxyglutarate,C02630,,0,,f,,,,,,,,,,,,,,,,,
0,,24,3.6,L-Glutamate,GLU_L,C00025,,0,,f,,,,,,,,,,,,,,,,,
0,,22.5,8,L-Aspartate,ASP_L,C00049,,1,,,,,,,,,,,,,,,,,,,
0, ,1.7,-6.2,B-D-Glucuronides,B-D-Glucuronodes,C03033,,1,,f,added,,,,,,,,,,,,,,,,
0,,8.7,-2.3,L-Glutamine,GLN_L,C00064,,1,s,,start 2nd edit,,,,,,,,,,,,,,,,
0,,9.3,-2.3,L-Glutamate,GLU_L,C00025,,1,s,,,,,,,,,,,,,,,,,,
0,,9.5,-5,Glucosaminate,Glucosaminate,C03752,,0,,f,,,,,,,,,,,,,,,,,
0,,9.5,-3.9,D-Glucosamine,GAM,C00329,67,0,,f,,,,,,,,,,,,,,,,,
0,,9.5,-2.8,D-Glucosamine-6P,GAM6P,C00352,24|67,0,,f,,,,,,,,,,,,,,,,,
0,,10,-4.1,Acetate,AC,C00033,,1,s,,,,,,,,,,,,,,,,,,
0,,10,-3.7,Acetyl-CoA,ACCOA,C00024,,1,s,,,,,,,,,,,,,,,,,,
0,,10,-3,Acetyl-CoA,ACCOA,C00024,,1,s,,,,,,,,,,,,,,,,,,
0,,10.1,-5,Chitin,Chitin,C00461,67,1,s,f,,,,,,,,,,,,,,,,,
0,,10.7,-5,Chitobiose,Chitobiose,C01674,67,0,,f,,,,,,,,,,,,,,,,,
0,,10.7,-3.9,N-Acetyl-D-Glucosamine,ACGAM,C00140,,0,,f,,,,,,,,,,,,,,,,,
0,,10.7,-2.8,N-Acetyl-D-Glucosamine-6P,ACGAM6P,C00357,,0,,f,,,,,,,,,,,,,,,,,
0,,12.1,-5,B-Acetyl-Glucosaminide,B-Acetyl-Glucosaminide,-10,,0,,,,,,,,,,,,,,,,,,,
0,,12.1,-2.8,N-Acetyl-D-Glucosamine-1P,N-Acetyl-D-Glucosamine-1P,C04501,,0,,f,,,,,,,,,,,,,,,,,
0,,13.5,-5,N-Acetyl-D-Mannosamine-6P,ACMANAP,C04257,,0,,f,,,,,,,,,,,,,,,,,
0,,13.5,-3.7,N-Acetyl-D-Mannosamine,ACMANA,C00645,,1,,f,,,,,,,,,,,,,,,,,
0,,13.5,-2.8,UDP-N-Acetyl-D-Glucosamine,UACGAM,C00043,,1, ,f,,,,,,,,,,,,,,,,,
0,,14.2,-3.5,Phosphoenolpyruvate,PEP,C00074,,1, ,f,,,,,,,,,,,,,,,,,
0,,14.2,-4.7,Phosphoenolpyruvate,PEP,C00074,,1, ,f,,,,,,,,,,,,,,,,,
0,,14.7,-4,Pyruvate,PYR,C00022,,1,s,,,,,,,,,,,,,,,,,,
0,,14.8,-2.8,UDP-N-Acetyl-D-Galactosamine,UDPACGAL,C00203,,1,,f,,,,,,,,,,,,,,,,,
0,,15,-3.7,UDP-N-acetyl-3-(1-carboxyvinyl)-D-glucosamine,UACCG,C04631,,0,,f,,,,,,,,,,,,,,,,,
0,,15.6,-5,N-Acetyl-Neuraminate-9P,N-Acetyl-Neuraminate-9P,C06241,,0,,f,,,,,,,,,,,,,,,,,
0,,16.1,-2.8,Malonate,Malonate,C00383,,1,,f,,,,,,,,,,,,,,,,,
0,,17.3,-3.7,UDP-N-Acetylmuramate,UAMR,C01050,,1,,f,,,,,,,,,,,,,,,,,
0,,17.5,-2.8,Malonate Semialdehyde,Malonate Semialdehyde,C00222,,1,,f,,,,,,,,,,,,,,,,,
0,,17.8,-5,N-Acetylneuraminate (Sialate),ACNAM,C00270,,0,,f,,,,,,,,,,,,,,,,,
0,,18.1,-3.1,D-Alanine,ALA_D,C00133,59,1,,f,,,,,,,,,,,,,,,,,
0,,18.3,-2.7,L-Aspargine,ASN_L,C00152,,0,,f,,,,,,,,,,,,,,,,,
0,,18.7,-5,CMP-N-Acetyl-Neuraminate (CMP-Sialate),CMP-N-Acetyl-Neuraminate (CMP-Sialate),C00128,,1,,f,,,,,,,,,,,,,,,,,
0,,19,-3.5,L-Glutamate,GLU_L,C00025,24,1,s,,,,,,,,,,,,,,,,,,
0,,19,-3.1,L-a-Alanine,ALA_L,C00041,,1,,f,,,,,,,,,,,,,,,,,
0,,19.7,-2.7,L-Aspartate,ASP_L,C00049,,1,,f,,,,,,,,,,,,,,,,,
0,,20,-3.5,2-Oxoglutarate,AKG,C00026,,1,s,,,,,,,,,,,,,,,,,,
0,,20,-3.2,Pyruvate,PYR,C00022,,1,s,,,,,,,,,,,,,,,,,,
0,,20.4,-3.8,L-Histidine,HIS_L,C00135,52,1,s,,,,,,,,,,,,,,,,,,
0,,20.6,-3.3,B-Alanine,ALA_B,C00099,52,1,,f,,,,,,,,,,,,,,,,,
0,,20.8,-3.6,L-Histidine,HIS_L,C00135,52,1,s,,,,,,,,,,,,,,,,,,
0,,20.9,-3.5,(R)-Pantonate,PANT_R,C00522,,1,s,,,,,,,,,,,,,,,,,,
0,,20.6,-2.7,4-Aspartyl-P,4PASP,C03082,,0,,f,,,,,,,,,,,,,,,,,
0,,21.5,-2.7,L-Aspartate-4-Semialdehyde,ASPSA,C00441,,0,,f,,,,,,,,,,,,,,,,,
0,,21.5,-4.2,Carnosine,Carnosine,C00386,52,0,,f,,,,,,,,,,,,,,,,,
0,,21.6,-3.3,(R)-Pantothenate,PNTO_R,C00864,,1,,f,,,,,,,,,,,,,,,,,
0,,22.8,-3.7,O-Succinyl-L-Homoserine,SUCHMS,C01118,28,0,,f,,,,,,,,,,,,,,,,,
0,,22.6,-3.1,Succinyl-CoA,SUCCOA,C00091, ,1,s,,,,,,,,,,,,,,,,,,
0,,22.8,-2.7,L-Homoserine,HOM_L,C00263,27|28,0,,f,,,,,,,,,,,,,,,,,
0,,23,-4,Succinate,SUC,C00042,1,1,,f,,,,,,,,,,,,,,,,,
0,,9,-7.5,7P-2-Dehydro-3-Deoxy-D-arabinoheptonate,2DDA7P,C04691,,0,,f,,,,,,,,,,,,,,,,,
0,,9.1,-5.4,Phosphoenolpyruvate,PEP,C00074,,1,,f,,,,,,,,,,,,,,,,,
0,,9.9,-7.5,3-Dehydroquinate,3DHQ,C00944,,0,,f,,,,,,,,,,,,,,,,,
0,,10.1,-6.3,Ubiquinone,Q,C00399,,1,s,f,,,,,,,,,,,,,,,,,
0,,10.2,-6.7,Quinate,Quinate,C00296,,0,,f,,,,,,,,,,,,,,,,,
0,,10.3,-5.8,Phylloquinone,Phylloquinone,C02059,,1,s,f,,,,,,,,,,,,,,,,,
0,,10.3,-5.6,Menaquinone,MQN8,C00828,,1,s,f,,,,,,,,,,,,,,,,,
0,,10.8,-7.5,3-Dehydroshikimate,3DHSHK,C02637,,0,,f,,,,,,,,,,,,,,,,,
0,,11.2,-6.6,Ubiquinol,QH2,C00390,,1,,f,,,,,,,,,,,,,,,,,
0,,11.2,-5.8,Phylloquinol,Phylloquinol,C03313,,1,,f,,,,,,,,,,,,,,,,,
0,,11.2,-5.6,Menaquinol,MQL8,C05819,,1,,f,,,,,,,,,,,,,,,,,
0,,11.6,-5.3,S-Adenosylhomocysteine,AHCYS,C00021,,1,s,f,,,,,,,,,,,,,,,,,
0,,11.7,-7.5,Shikimate,SKM,C00493,,0,,f,,,,,,,,,,,,,,,,,
0,,11.75,-7,S-Adenosylhomocysteine,AHCYS,C00021,,1,s,f,,,,,,,,,,,,,,,,,
0,,11.75,-5.4,S-Adenosylmethionine,AMET,C00019,,1,s,f,,,,,,,,,,,,,,,,,
0,,11.95,-6.8,S-Adenosylmethionine,AMET,C00019,,1,s,f,,,,,,,,,,,,,,,,,
0,,11.95,-6,Polyprenyl-PP,Polyprenyl-PP,C04093,,0,s,f,,,,,,,,,,,,,,,,,
0,,12.6,-7.5,Shikimate-5P,SKM5P,C03175,,0,,f,also Shikimate-3P,,,,,,,,,,,,,,,,
0,,12.5,-6.6,2-Polyprenyl-6-hydroxyphenol,2-Polyprenyl-6-hydroxyphenol,C17551,,0,,f,not 100% sure of identification,,,,,,,,,,,,,,,,
0,,12.5,-5.7,"1,4-Dihydroxy-2-Naphthoate",DHNA,C03657,,0,,f,,,,,,,,,,,,,,,,,
0,,13,-7.7,Phosphoenolpyruvate,PEP,C00074,,1,s,f,,,,,,,,,,,,,,,,,
0,,13.2,-6.6,2-Polyprenylphenol,2-Polyprenylphenol,C05807,,0,,f,,,,,,,,,,,,,,,,,
0,,13.2,-5.7,2-Succinylbenzoate,SUCBZ,C02730,,0,,f,,,,,,,,,,,,,,,,,
0,,13.7,-5.5,Pyruvate,PYR,C00022,,1,s,f,,,,,,,,,,,,,,,,,
0,,13.8,-7.5,5-O-(1-carboxyvinyl)-3-phosphoshikimate,3psme,C01269,,0,,f,,,,,,,,,,,,,,,,,
0,,14,-6.4,Polyprenyl-PP,Polyprenyl-PP,C04093,,1,s,f,,,,,,,,,,,,,,,,,
0,,14.1,-8.1,4-Aminobenzoate,4ABZ,C00568,,1,s,f,,,,,,,,,,,,,,,,,
0,,14.1,-5.9,2-Oxoglutarate,AKG,C00026,,1,s,f,,,,,,,,,,,,,,,,,
0,,14.4,-6.6,4-Hydroxybenzoate,4HBZ,C00156,,0,,f,,,,,,,,,,,,,,,,,
0,,14.4,-5.7,Isochorismate,ICHOR,C00885,,0,,f,,,,,,,,,,,,,,,,,
0,,14.7,-6.4,Pyruvate,PYR,C00022,,1,s,f,,,,,,,,,,,,,,,,,
0,,14.9,-7.5,Chorismate,CHOR,C00251,,0,,f,,,,,,,,,,,,,,,,,
0,,15.3,-7.3,L-Glutamine,GLN_L,C00064,,1,s,f,,,,,,,,,,,,,,,,,
0,,15.7,-7.1,L-Glutamate,GLU_L,C00025,,1,s,f,,,,,,,,,,,,,,,,,
0,,15.8,-7,Pyruvate,PYR,C00022,,1,s,f,,,,,,,,,,,,,,,,,
0,,16,-8.1,Prephenate,PPHN,C00254,,0,,f,,,,,,,,,,,,,,,,,
0,,16,-6.9,Anthranilate,ANTH,C00108,,0,,f,,,,,,,,,,,,,,,,,
0,,16,-5.8,Catechol,Catechol,C00090,,0,,f,,,,,,,,,,,,,,,,,
0,,16.9,-8.1,4-Hydroxyphenylpyruvate,34HPP,C01179,,0,,f,,,,,,,,,,,,,,,,,
0,,16.9,-7.4,Phenylpyruvate,PHPYR,C00166,,0,,f,,,,,,,,,,,,,,,,,
0,,17,-6.4,2-hydroxymuconate semialdehyde,2-hydroxymuconate semialdehyde,C00682,,0,,f,,,,,,,,,,,,,,,,,
0,,17,-5.6,"cis,cis-Muconate","cis,cis-Muconate",C02480,,0,,f,,,,,,,,,,,,,,,,,
0,,18.25,-5.6,3-Oxoadipate enol-lactone,3-Oxoadipate enol-lactone,C03586,,0,,f,,,,,,,,,,,,,,,,,
0,,18.7,-6.4,2-Oxopent-4-enoate,OP4EN,C00596,,0,,f,,,,,,,,,,,,,,,,,
0,,19.15,-5.6,3-Oxoadipate,3-Oxoadipate,C00846,,0,,f,,,,,,,,,,,,,,,,,
0,,20,-6.4,4-Hydroxy-2-oxovalerate,4H2OPNTN,C03589,,0,,f,,,,,,,,,,,,,,,,,
0,,20.1,-6.2,Succinate,SUC,C00042,,1,s,f,,,,,,,,,,,,,,,,,
0,,20.6,-5.6,3-Oxoadipyl-CoA,3-Oxoadipyl-CoA,C02232,,0,,f,,,,,,,,,,,,,,,,,
0,,1.3,-9.8,Pyruvate,PYR,C00022,6,1,,f,accidentally was omitted,,,,,,,,,,,,,,,,
0,,20.9,-6.2,Acetaldehyde,ACALD,C00084,,1,,f,,,,,,,,,,,,,,,,,
0,,20.9,-5.4,Acetyl-CoA,ACCOA,C00024,43,1,,f,,,,,,,,,,,,,,,,,
0,,21.4,-6.4,Pyruvate,PYR,C00022,,1,,f,,,,,,,,,,,,,,,,,
0,,21.5,-5.6,Succinyl-CoA,SUCCOA,C00091,43,1,,f,,,,,,,,,,,,,,,,,
0,,17.55,-7.9,L-Glutamate,GLU_L,C00025,,1,s,f,,,,,,,,,,,,,,,,,
0,,17.95,-7.9,2-Oxoglutarate,AKG,C00026,,1,s,f,,,,,,,,,,,,,,,,,
0,,17.55,-7.2,L-Glutamate,GLU_L,C00025,,1,s,f,,,,,,,,,,,,,,,,,
0,,17.95,-7.2,2-Oxoglutarate,AKG,C00026,,1,s,f,,,,,,,,,,,,,,,,,
0,,18.6,-8.1,L-Tyrosine,TYR_L,C00082,,0,,f,,,,,,,,,,,,,,,,,
0,,18.6,-7.4,L-Phenylalanine,PHE_L,C00079,,0,,f,,,,,,,,,,,,,,,,,
0,,20,-8.1,L-Tyrosyl-tRNA,TRNATYR,C02839,,1, ,f,,,,,,,,,,,,,,,,,
0,,20,-7.4,L-Phenylalanyl-tRNA,PHETRNA,C03511,,1, ,f,,,,,,,,,,,,,,,,,
0,,20.8,-6.9,N-(5-Phospho-D-ribosyl)anthranilate,PRAN,C04302,,0, ,f,,,,,,,,,,,,,,,,,
0,,21.9,-6.9,1-(2-Carboxyphenylamino)-1-deoxy-D-ribulose 5-phosphate,2CPR5P,C01302,,0, ,f,,,,,,,,,,,,,,,,,
0,,23.2,-6.9,Indoleglycerol phosphate,3IG3P,C03506,,0, ,f,,,,,,,,,,,,,,,,,
0,,24,-7.1,Glyceraldehyde-3P,GAPD,C00661,,1,s,f,,,,,,,,,,,,,,,,,
0,,24.5,-6.9,Indole,INDOLE,C00463,,0,,f,,,,,,,,,,,,,,,,,
0,,25.3,-7.2,Pyruvate,PYR,C00022,,1,s,f,,,,,,,,,,,,,,,,,
0,,25.8,-6.9,L-Tryptophan,TRP_L,C00078,,0,,f,,,,,,,,,,,,,,,,,
0,,24.8,-5,L-Serine,SER_L,C00065,,1,,f,,,,,,,,,,,,,,,,,
0,,9.9,-9,Phosphoribosyl-ATP,PRBATP,C02739,38,0,,f,,,,,,,,,,,,,,,,,
0,,11,-9,Phosphoribosyl-AMP,PRBAMP,C02741,38,0,,f,,,,,,,,,,,,,,,,,
0,,12,-9,Phosphoribosyl-formimino-AICAR-P,PRFP,C04896,38,0,,f,,,,,,,,,,,,,,,,,
0,,13,-9,Phosphoribulosyl-formimino-AICAR-P,PRLP,C04916,38,0,,f,,,,,,,,,,,,,,,,,
0,,13.3,-9.2,L-Glutamine,GLN_L,C00064,38,1,s,f,,,,,,,,,,,,,,,,,
0,,13.7,-9.2,L-Glutamate,GLU_L,C00025,38,1,s,f,,,,,,,,,,,,,,,,,
0,,14,-9,D-erythro-Imidazole-glycerol-P,EIG3P,C04666,38,0,,f,,,,,,,,,,,,,,,,,
0,,14.8,-9,Imidazole-acetol-P,IMACP,C01267,38,0,,f,,,,,,,,,,,,,,,,,
0,,15.5,-9.2,L-Glutamate,GLU_L,C00025,38,1,s,f,,,,,,,,,,,,,,,,,
0,,15.7,-9.2,2-Oxoglutarate,AKG,C00026,38,1,s,f,,,,,,,,,,,,,,,,,
0,,15.6,-9,L-Histidinol-P,HISP,C01100,38,0,,f,,,,,,,,,,,,,,,,,
0,,16.4,-9,L-Histidinol,HISTD,C00860,38,0,,f,,,,,,,,,,,,,,,,,
0,,17.1,-9.4,L-Histidinyl-tRNA,HISTRNA,C02988,38,0,,f,,,,,,,,,,,,,,,,,
0,,17.2,-9,L-Histidine,HIS_L,C00135,38,1,,f,,,,,,,,,,,,,,,,,
0,,18.4,-9.4,Urocanate,Urocanate,C00785,38,0,,f,,,,,,,,,,,,,,,,,
0,,18.4,-8.6,Histamine,Histamine,C00388,38,0,,f,,,,,,,,,,,,,,,,,
0,,19,-8.8,N-Methylhistamine,N-Methylhistamine,C05127,38,0,,f,,,,,,,,,,,,,,,,,
0,,19.2,-9.4,4-Imidazolone-5-propanoate,4-Imidazolone-5-propanoate,C03680,38,0,,f,,,,,,,,,,,,,,,,,
0,,19.2,-8.6,Imidazole acetaldehyde,Imidazole acetaldehyde,C05130,38,0,,f,,,,,,,,,,,,,,,,,
0,,20,-9.4,N-Formimino-L-glutamate,N-Formimino-L-glutamate,C00439,38,1,,f,,,,,,,,,,,,,,,,,
0,,20,-8.7,Hydantoin-5-propionate,Hydantoin-5-propionate,C05565,38,1,,f,,,,,,,,,,,,,,,,,
0,,20.9,-8.7,N-Carbamyl-L-glutamate,N-Carbamyl-L-glutamate,C05829,38,0,,f,,,,,,,,,,,,,,,,,
0,,20.6,-9.6,THF,THF,C00101,38,1,s,f,,,,,,,,,,,,,,,,,
0,,20.9,-9.6,5-Formimino-THF,5-Formimino-THF,C00664,38,1,s,f,,,,,,,,,,,,,,,,,
0,,21.1,-9.4,L-Glutamate,GLU_L,C00025,38,1,,f,,,,,,,,,,,,,,,,,
0,,17.2,-10,5'-Phosphoribosyl-5-amino-4-imidazolecarboxamide,AICAR,C04677,38|20,1,,f,,,,,,,,,,,,,,,,,
0,,9.8,-10,5'-Phosphoribosylglycinamide,GAR,C03838,20,1,,f,,,,,,,,,,,,,,,,,
0,,10.3,-10.2,10-Formyl-THF,10FTHF,C00234,20,1,s,f,,,,,,,,,,,,,,,,,
0,,10.7,-10.2,THF,THF,C00101,20,1,s,f,,,,,,,,,,,,,,,,,
0,,11.2,-10,5'-Phosphoribosyl-N-formylglycinamide,FGAM,C04376,20,1,,f,,,,,,,,,,,,,,,,,
0,,11.8,-10.2,L-Glutamine,GLN_L,C00064,20,1,s,f,,,,,,,,,,,,,,,,,
0,,12.2,-10.2,L-Glutamate,GLU_L,C00025,20,1,s,f,,,,,,,,,,,,,,,,,
0,,12.8,-10,5'-Phosphoribosyl-N-formylglycinamidine,FPRAM,C04640,20,0,,f,,,,,,,,,,,,,,,,,
0,,13.8,-10,5'-Phosphoribosyl-5-aminoimidazole,AIR,C03373,20,0,,f,,,,,,,,,,,,,,,,,
0,,14.8,-10,5'-Phosphoribosyl-4-carboxy-5-aminoimidazole,5AIZC,C04751,20,0,,f,,,,,,,,,,,,,,,,,
0,,15.3,-10.2,L-Aspartate,ASP_L,C00049,20,1,s,f,,,,,,,,,,,,,,,,,
0,,16,-10,1-(5'-Phosphoribosyl)-4-(N-succinocarboxamide)-5-aminoimidazole,25AICS,C04823,20,0,,f,,,,,,,,,,,,,,,,,
0,,16.5,-10.2,Fumarate,FUM,C00122,20,1,s,f,,,,,,,,,,,,,,,,,
0,,19,-10,5'-Phosphoribosyl-5-formamido-4-imidazolecarboxamide,FPRICA,C04734,20,1,,f,,,,,,,,,,,,,,,,,
0,,20.4,-10.3,Inosine 5'-phosphate,IMP,C00130,20,1,,f,,,,,,,,,,,,,,,,,
0,,22.1,-10.3,Adenylosuccinate,DCAMP,C03794,20,0,,f,,,,,,,,,,,,,,,,,
0,,23.2,-10.3,Adenosine 5'-phosphate,AMP,C00020,20,1,,f,,f,,,,,,,,,,,,,,,
0,,24.3,-10.3,Adenosine 5'-diphosphate,ADP,C00008,20,1,,f,,,,,,,,,,,,,,,,,
0,,25.5,-10.3,Adenosine 5'-triphosphate,ATP,C00002,20,1,,f,,f,,,,,,,,,,,,,,,
0,,26.7,-10.3,Ribonucleic acid,RNA,C00046,20,1,,f,,,,,,,,,,,,,,,,,
0,,21,-8.1,Homogentisate,Homogentisate,C00544,39,0,,f,,,,,,,,,,,,,,,,,
0,,21.9,-8.1,4-Maleylacetoacetate,4-Maleylacetoacetate,C01036,39,0,,f,,,,,,,,,,,,,,,,,
0,,23.2,-8.1,4-Fumarylacetoacetate,4-Fumarylacetoacetate,C01061,39,0,,f,,,,,,,,,,,,,,,,,
0,,24.3,-8.1,Acetoacetate,ACAC,C00164,39,1,,f,,,,,,,,,,,,,,,,,
0,,24.6,-7.7,Fumarate,FUM,C00122,39,1,,f,,,,,,,,,,,,,,,,,
0,,25.6,-7.8,L-Tryptophanyl-tRNA,TRPTRNA,C03512,,1,,f,,,,,,,,,,,,,,,,,
0,,21.9,-7.6,a-Tocopherol (Vitamin E),Tocopherols (Vitamin E),C02477,,1,,f,,,,,,,,,,,,,,,,,
0,,21.9,-7.4,Plastoquinone,Plastoquinone,C02061,,1,,f,,,,,,,,,,,,,,,,,
0,,22.4,-9.8,Dopaquinone,Dopaquinone,C00822,,0,s,f,,,,,,,,,,,,,,,,,
0,,23.2,-9.8,Melanin,Melanin,C05606,,0,s,f,,,,,,,,,,,,,,,,,
0,,21.6,-8.5,Tetrahydrobiopterin,Tetrahydrobiopterin,C00272,,1,s,f,,,,,,,,,,,,,,,,,
0,,21.8,-8.6,Dihydrobiopterin,Dihydrobiopterin,C00268,,1,s,f,,,,,,,,,,,,,,,,,
0,,22.4,-9.4,Dihydroxy-L-phenylalanine,Dihydroxy-L-phenylalanine,C00355,39,0,,f,,,,,,,,,,,,,,,,,
0,,23.4,-9.4,Dopamine,DOPA,C03758,39,0,,f,,,,,,,,,,,,,,,,,
0,,23.9,-9.6,L-Ascorbate,ASCB_L,C00072,39,1,s,f,,,,,,,,,,,,,,,,,
0,,24.1,-9.6,L-Dehydroascorbate,L-Dehydroascorbate,C05422,39,1,s,f,,,,,,,,,,,,,,,,,
0,,24.4,-9.4,Norepinephrine,Norepinephrine,C00547,39,0,,f,,two unidentified side species here,,,,,,,,,,,,,,,
0,,24.9,-9.6,S-Adenosyl-L-methionine,AMET,C00019,,1,s,f,,,,,,,,,,,,,,,,,
0,,25.1,-9.6,S-Adenosylhomocysteine,AHCYS,C00021,,1,s,f,,,,,,,,,,,,,,,,,
0,,25,-9.9,Vanillylmandelate,Vanillylmandelate,C05584,39,1,o,f,,,,,,,,,,,,,,,,,
0,,25.6,-9.4,L-Epinephrine,L-Epinephrine,C00788,39,0,,f,,,,,,,,,,,,,,,,,
0,,22.4,-8.7,3-Iodo-L-tyrosine,3-Iodo-L-tyrosine,C02515,39,0,,f,,,,,,,,,,,,,,,,,
0,,23.4,-8.7,"3,5-Diiodotyrosine","3,5-Diiodotyrosine",C01060,39,0,,f,,,,,,,,,,,,,,,,,
0,,24.5,-8.9,Triiodothyronine,Triiodothyronine,C02465,39,0,,f,,,,,,,,,,,,,,,,,
0,,25.2,-8.7,Thyroxine,Thyroxine,C01829,39,0,,f,,,,,,,,,,,,,,,,,
0,,25.1,-9.8,Vanillylmandelate,Vanillylmandelate,C05584,39,1,s,f,,,,,,,,,,,,,,,,,
0,,23.6,-6.4,"L-2,3-Dihydrodipicolinate",23DHDP,C03340,,0,,f,,,,,,,,,,,,,,,,,
0,,23.8,-5.4,L-Homocysteine,HCYS_L,C00155,28,1,,f,,,,,,,,,,,,,,,,,
0,,23.8,-4.4,L-Cystathionine,CYST_L,C02291,28,0,,f,,,,,,,,,,,,,,,,,
0,,23.8,-3.4,2-Oxobutyrate,2OBUT,C00109,28,1,,f,,,,,,,,,,,,,,,,,
0,,23.8,-2.7,O-Phospho-L-homoserine,PHOM,C01102,27,0,,f,,,,,,,,,,,,,,,,,
0,,24,-1.9,L-2-Amino-acetoacetate,2AOBUT,C03508,,0,,f,,,,,,,,,,,,,,,,,
0,,24,-1.3,2-Amino-3-oxoadipate,2-Amino-3-oxoadipate,C05520,,0,,f,,,,,,,,,,,,,,,,,
0,,24,0,5-Aminolevulinate,5AOP,C00430,27|119,0,,f,,,,,,,,,,,,,,,,,
0,,24,0.8,L-Glutamate 1-semialdehyde,GLU1SA,C03741,119,0,,f,,,,,,,,,,,,,,,,,
0,,24.3,-5.6,Adenosine,AND,C00212,,1,s,f,,,,,,,,,,,,,,,,,
0,,24.7,-1.3,Succinate semialdehyde,SUCSAL,C00232,,0,,f,,,,,,,,,,,,,,,,,
0,,24.7,1.4,4-Aminobutyrate,4ABUT,C00334,103,0,,f,,,,,,,,,,,,,,,,,
0,,24.8,-3.8,L-Cysteine,CYS_L,C00097,28,1,,f,,,,,,,,,,,,,,,,,
0,,25.1,-3.4,2-Hydroxybutyrate,2-Hydroxybutyrate,C05984,28,0,,f,,,,,,,,,,,,,,,,,
0,,25.1,-2.7,L-Threonine,THR_L,C00188,27,1,,f,,,,,,,,,,,,,,,,,
0,,25.5,-1.3,4-Hydroxybutyrate,4-Hydroxybutyrate,C00989,103,0,,f,,,,,,,,,,,,,,,,,
0,,25.8,-0.9,4-Hydroxybutyryl-CoA,4-Hydroxybutyryl-CoA,C11062,103,0,,f,,,,,,,,,,,,,,,,,
0,,25.7,0,Porphobilinogen,PPBNG,C00931,119,0,,f,,,,,,,,,,,,,,,,,
0,,25.1,-1.9,Aminoacetone,AACT,C01888,27,0,,f,,,,,,,,,,,,,,,,,
0,,25.2,-4.6,Acetyl-CoA,ACCOA,C00024,,1,s,f,,,,,,,,,,,,,,,,,
0,,25.2,-4.2,Acetate,AC,C00033,,1,s,f,,,,,,,,,,,,,,,,,
0,,25.8,-2.4,Acetaldehyde,ACALD,C00084,,1,,f,,,,,,,,,,,,,,,,,
0,,25.7,-5.4,S-Adenosyl-L-homocysteine,AHCYS,C00021,,1,,f,,,,,,,,,,,,,,,,,
0,,26,-4.4,O-Acetyl-L-serine,ACSER,C00979,,0,,f,,,,,,,,,,,,,,,,,
0,,26,-2.7,Glycine,GLY,C00037,27,1,,f,,,,,,,,,,,,,,,,,
0,,26.3,-1.9,Methylglyoxal,MTHGXL,C00546,,0,,f,,,,,,,,,,,,,,,,,
0,,26.3,-1.3,(R)-1-Aminopropan-2-ol,(R)-1-Aminopropan-2-ol,C03194,27,0,,f,,,,,,,,,,,,,,,,,
0,,27.5,-5.4,S-Adenosyl-L-methionine,AMET,C00019,,1,,f,,,,,,,,,,,,,,,,,
0,,26,-4.1,Hydrogen sulfide,H2S,C00283,,0,,f,,,,,,,,,,,,,,,,,
0,,27.5,-4.3,3-Mercaptopyruvate,MERCPPYR,C00957,28,0,,f,,,,,,,,,,,,,,,,,
0,,27.6,-3.6,L-Cystine,L-Cystine,C00491,28,0,,f,,,,,,,,,,,,,,,,,
0,,28,-3.1,3-Sulfinoalanine,3SALA,C00606,,0,,f,,,,,,,,,,,,,,,,,
0,,28,-2.6,L-Cysteate,L-Cysteate,C00506,,0,,f,,,,,,,,,,,,,,,,,
0,,28.3,-5.4,L-Methionine,MET_L,C00073,,1,,f,,,,,,,,,,,,,,,,,
0,,28.8,-4.3,Pyruvate,PYR,C00022,28,1,,f,,,,,,,,,,,,,,,,,
0,,28.8,-3.6,Thiocysteine,Thiocysteine,C01962,28,0,,f,,,,,,,,,,,,,,,,,
0,,28.8,-3.1,Hypotaurine,Hypotaurine,C00519,,0,,f,,,,,,,,,,,,,,,,,
0,,28.8,-2.6,Taurine,TAUR,C00245,,0,,f,,,,,,,,,,,,,,,,,
0,,29.5,-6.2,L-Methionyl-tRNA,METTRNA,C02430,28,1,,f,,,,,,,,,,,,,,,,,
0,,29.5,-5.4,L-Methioninesulfoxide,MET_SOX_L,C02989,28,0,,f,,,,,,,,,,,,,,,,,
0,,30.1,-4.3,3-Sulfinylpyruvate,3-Sulfinylpyruvate,C05527,,0,,f,,,,,,,,,,,,,,,,,
0,,30.6,-5.4,L-Formylmethionyl-tRNA,FMETTRNA,C03294,,1,,f,,,,,,,,,,,,,,,,,
0,,31.5,-4.9,Sulfite,SO3,C00094,130,0,,f,,,,,,,,,,,,,,,,,
0,,31.2,-3.4,"Adenosine 3',5'-bisphosphate",PAP,C00054,130,1,,f,,,,,,,,,,,,,,,,,
0,,32.6,-4.9,Sulfate,SO4,C00059,130,0,,f,,,,,,,,,,,,,,,,,
0,,34,-4.9,Adenylyl sulfate,APS,C00224,130,0,,f,,,,,,,,,,,,,,,,,
0,,35.2,-4.9,3'-Phosphoadenylyl sulfate,PAPS,C00053,130,1,,f,,,,,,,,,,,,,,,,,
0,,37.7,-4.9,"Adenosine 3',5'-bisphosphate",PAP,C00054,130,1,,f,,,,,,,,,,,,,,,,,
0,,30.1,-2.5,(R)-Methylmalonyl-CoA,MMCOA_R,C01213,100,1,,f,,,,,,,,,,,,,,,,,
0,,31.3,-2.6,(S)-Methylmalonyl-CoA,MMCOA_S,C00683,100,0,,f,,,,,,,,,,,,,,,,,
0,,32,-2.4,Pyruvate,PYR,C00022,,1,s,f,,,,,,,,,,,,,,,,,
0,,32.8,-2.4,Oxaloacteate,OAA,C00036,,1,s,f,,,,,,,,,,,,,,,,,
0,,33.5,-3.6,Propionyladenylate,Propionyladenylate,C05983,100,0,,f,,,,,,,,,,,,,,,,,
0,,33.7,-3.25,Succinyl-CoA,SUCCOA,C00091,,1,s,f,,,,,,,,,,,,,,,,,
0,,33.7,-3.05,Succinate,SUC,C00042,,1,s,f,,,,,,,,,,,,,,,,,
0,,33.5,-2.7,Propionyl-CoA,PPCOA,C00100,100,1,,f,,,,,,,,,,,,,,,,,
0,,34.6,-3.6,Propionate,PPA,C00163,100,0,,f,,,,,,,,,,,,,,,,,
0,,34.6,-2.7,Acryloyl-CoA,Acryloyl-CoA,C00894,100,0,,f,,,,,,,,,,,,,,,,,
0,,35.2,-3.6,Lactoyl-CoA,Lactoyl-CoA,C00827,100,0,,f,,,,,,,,,,,,,,,,,
0,,35.6,-2.7,3-Hydroxypropionyl-CoA,3-Hydroxypropionyl-CoA,C05668,100,0,,f,,,,,,,,,,,,,,,,,
0,,36.6,-3.6,Pyruvate,PYR,C00022,100,1,,f,,,,,,,,,,,,,,,,,
0,,36.7,-2.7,3-Hydroxypropionate,3-Hydroxypropionate,C01013,100,0,,f,,,,,,,,,,,,,,,,,
0,,37.8,-3.6,Malonate,Malonate,C00383,100,1,,f,,,,,,,,,,,,,,,,,
0,,37.8,-2.7,Malonate semialdehyde,Malonate semialdehyde,C00222,100,1,,f,,,,,,,,,,,,,,,,,
0,,38.6,-3.4,Acetate,AC,C00033,100,1,s,f,,,,,,,,,,,,,,,,,
0,,38.9,-3.6,Malonyl-CoA,Malonyl-CoA,C00083,100,1,,f,,,,,,,,,,,,,,,,,
0,,38.9,-2.7,Acetyl-CoA,ACCOA,C00024,100,1,,f,,,,,,,,,,,,,,,,,
0,,40.6,-6.8,Butyraldehyde,BTAL,C01412,103,0,,f,,,,,,,,,,,,,,,,,
0,,40.6,-7.5,1-Butanol,1-Butanol,C06142,103,0,,f,,,,,,,,,,,,,,,,,
0,,40.7,-4.1,Acetoacetate,ACAC,C00164,100|103,0,,f,,,,,,,,,,,,,,,,,
0,,40.7,-5.3,Acetone,Acetone,C00207,100,0,,f,,,,,,,,,,,,,,,,,
0,,40.7,-6,2-Propanol,2-Propanol,C01845,100,1, ,f,,,,,,,,,,,,,,,,,
0,,41.4,-2.7,Acetoacetyl-CoA,AACOA,C00332,100,0,,f,,,,,,,,,,,,,,,,,
0,,41.4,-4.1,(S)-3-Hydroxybutyryl-CoA,3HBCOA,C01144,103,0,,f,,,,,,,,,,,,,,,,,
0,,41.4,-5.3,Crotonyl-CoA,B2COA,C00877,103,0,,f,,,,,,,,,,,,,,,,,
0,,41.4,-6,Butyryl-CoA,BTCOA,C00136,103,0,,f,,,,,,,,,,,,,,,,,
0,,41.4,-6.8,Butyryl phosphate,Butyryl phosphate,C02527,103,0,,f,,,,,,,,,,,,,,,,,
0,,41.4,-7.5,Butyrate,BUT,C00246,103,0,,f,,,,,,,,,,,,,,,,,
0,,20.4,-11.5,Inosine,INS,C00294,20,0,,f,,,,,,,,,,,,,,,,,
0,,20.4,-12.7,Xanthosine,XTSN,C01762,20,0,,f,,,,,,,,,,,,,,,,,
0,,20.4,-13.9,Xanthosine 5'-phosphate,XMP,C00655,20,0,,f,,,,,,,,,,,,,,,,,
0,,21.9,-11.5,Hypoxanthine,HXAN,C00262,20,0,,f,,,,,,,,,,,,,,,,,
0,,21.9,-12.7,Xanthine,XAN,C00385,20,0,,f,,,,,,,,,,,,,,,,,
0,,23.2,-11.5,Adenosine,AND,C00212,20,1,,f,,,,,,,,,,,,,,,,,
0,,23.2,-12.7,Guanosine,GSN,C00387,20,1,,f,,,,,,,,,,,,,,,,,
0,,23.2,-13.9,Guanosine 5'-phosphate,GMP,C00144,20,1,,f,,,,,,,,,,,,,,,,,
0,,24.3,-11.5,Adenine,ADE,C00147,20,1,,f,,,,,,,,,,,,,,,,,
0,,24.3,-12.7,Guanine,GUA,C00242,20,1,,f,,,,,,,,,,,,,,,,,
0,,24.3,-13.9,Guanosine 5'-diphosphate,GDP,C00035,20,1,,f,,,,,,,,,,,,,,,,,
0,,24.8,-12.7,Urate-3-ribonucleoside,Urate-3-ribonucleoside,C05513,20,0,,f,,,,,,,,,,,,,,,,,
0,,24.8,-11.1,Glycine,GLY,C00037,20,1,,f,,,,,,,,,,,,,,,,,
0,,25.6,-11.1,Formiminoglycine,Formiminoglycine,C02718,20,1,,f,,,,,,,,,,,,,,,,,
0,,25.6,-11.7,5-Ureido-4-imidazole carboxylate,5-Ureido-4-imidazole carboxylate,C05515,20,0,,f,,,,,,,,,,,,,,,,,
0,,25.6,-12.7,Urate,URATE,C00366,20,0,,f,,,,,,,,,,,,,,,,,
0,,25.5,-13.9,Guanosine 5'-triphosphate,GTP,C00044,20,1,,f,,,,,,,,,,,,,,,,,
0,,26.7,-11.1,Aminoimidazole,Aminoimidazole,C05239,20,0,,f,,,,,,,,,,,,,,,,,
0,,26.7,-11.7,5-Amino-4-imidazole carboxylate,5-Amino-4-imidazole carboxylate,C05516,20,0,,f,,,,,,,,,,,,,,,,,
0,,26.7,-12.7,Allantoin,ALLTN,C01551,20,0,,f,,,"1.7.3.3  ureate = allantoin, KEGG has R, S Allantoin in separate reactions",,,,,,,,,,,,,,
0,,26.7,-13.9,Ribonucleic acid,RNA,C00046,20,1,,f,,,,,,,,,,,,,,,,,
0,,27.4,-11.7,Urea,UREA,C00086,20,1,,f,,,,,,,,,,,,,,,,,
0,,27.5,-11.1,Glyoxylate,GLX,C00048,20,1,,f,,,,,,,,,,,,,,,,,
0,,27.6,-12.7,Allantoate,ALLTT,C00499,20,0,,f,,,,,,,,,,,,,,,,,
0,,27.8,-11.7,Ureidoglycolate,URDGLYC,C00603,20,0,,f,,,,,,,,,,,,,,,,,
0,,27.8,-11.1,Urea,UREA,C00086,20,1,,f,,,,,,,,,,,,,,,,,
0,,27.5,-7,"delta1-Piperidine-2,6-dicarboxylate",THDP,C03972,32,0,,f,,,"2,3,4,5-Tetrahydrodipicolinate",,,,,,,,,,,,,,
0,,27.9,-7.2,Succinyl-CoA,SUCCOA,C00091, ,1,s,,,,,,,,,,,,,,,,,,
0,,28.7,-7,N-Succinyl-L-2-amino-6-oxopimelate,SL2A6O,C04462,32,0,,f,,,,,,,,,,,,,,,,,
0,,29.2,-7.2,L-Glutamate,GLU_L,C00025,,1,s,,,,,,,,,,,,,,,,,,
0,,26.6,-7.2,2-Oxoglutarate,AKG,C00026,,1,s,,,,,,,,,,,,,,,,,,
0,,30.1,-7,"N-Succinyl-LL-2,6-diaminopimelate",SL26DA,C04421,32,0,,f,,,,,,,,,,,,,,,,,
0,,31.5,-7,"LL-2,6-Diaminopimelate",26DAP_LL,C00666,32,0,,f,,,,,,,,,,,,,,,,,
0,,31.5,-6,Glutarate,Glutarate,C00489,33,0,,f,,,,,,,,,,,,,,,,,
0,,32.7,-6,Glutaryl-CoA,Glutaryl-CoA,C00527,33,0,,f,,,,,,,,,,,,,,,,,
0,,32.9,-7,"meso-2,6-Diaminopimelate",26DAP_M,C00680,32,0,,f,,,,,,,,,,,,,,,,,
0,,34.2,-7,L-Lysine,LYS_L,C00047,32,0,,f,,,,,,,,,,,,,,,,,
0,,34.3,-6,Crotonyl-CoA,B2COA,C00877,33,1,,f,,,,,,,,,,,,,,,,,
0,,34.2,-6.5,tRNA-Lys,TRNALYS,C01646,,1,s,,,,,,,,,,,,,,,,,,
0,,34.6,-6.3,L-Lysyl-tRNA,LYSTRNA,C01931,33,1,,f,,,,,,,,,,,,,,,,,
0,,35.2,-7,N6-Acetyl-L-lysine,N6-Acetyl-L-lysine,C02727,33,0,,f,,,,,,,,,,,,,,,,,
0,,35.7,-6.5,Cadaverine,15DAP,C01672,33,0,,f,,,,,,,,,,,,,,,,,
0,,36.2,-7,2-Oxo-6-acetamidocaproate,2-Oxo-6-acetamidocaproate,C05548,33,0,,f,,,,,,,,,,,,,,,,,
0,,37.5,-7,2-Oxo-6-aminocaproate,2-Oxo-6-aminocaproate,C03239,33|139,0,,f,,,,,,,,,,,,,,,,,
0,,34.9,-5.9,Protein lysine,Protein lysine,C02188,33,0,,f,,,,,,,,,,,,,,,,,
0,,37.5,-6.5,5-Phosphonooxy-L-lysine,5-Phosphonooxy-L-lysine,C03366,33,0,,f,,,,,,,,,,,,,,,,,
0,,35.55,-5.7,2-Oxoglutarate,AKG,C00026,,1,s,,,,,,,,,,,,,,,,,,
0,,35.75,-5.7,Succinate,SUC,C00042,,1,s,,,,,,,,,,,,,,,,,,
0,,36.4,-5.9,Procollagen L-erythro-5-hydroxylysine,Procollagen L-erythro-5-hydroxylysine,C01211,33,0,,f,,,,,,,,,,,,,,,,,
0,,36.8,-5.85,UDP-D-Galactose,UDPGAL,C00052,,1,s,f,,,,,,,,,,,,,,,,,
0,,37.5,-5.7,Procollagen 5-(D-galactosyloxy)-L-lysine,Procollagen 5-(D-galactosyloxy)-L-lysine,C04487,33,0,,f,,,,,,,,,,,,,,,,,
0,,37.6,-8.3,alpha-Aminoadipoyl-S-acyl enzyme,Aminoadip.-S,C05535,32,0,,f,,,Aminoadip.-S,,,,,,,,,,,,,,
0,,37.4,-8,delta1-Piperideine-2-carboxylate,delta1-Piperideine-2-carboxylate,C04092,33,0,,f,,,,,,,,,,,,,,,,,
0,,36.6,-8.3,L-2-Aminoadipate adenylate,L-2-Aminoadipate adenylate,C05560,32,0,,f,,,,,,,,,,,,,,,,,
0,,36.2,-8,L-Pipecolate,L-Pipecolate,C00408,33,0,,f,,,,,,,,,,,,,,,,,
0,,34.9,-8,delta6-Piperideine-2-L-carboxylate,delta6-Piperideine-2-L-carboxylate,C00450,33,0,,f,,,http://cheminf.cmbi.ru.nl/cgi-bin/biometa/biometa.py?context=molecules&str_disp=jme&mol_nr=437&id_data=1,,,,,,,,,,,,,,
0,,34.2,-8,Saccharopine,Saccharopine,C00449,32,0,,f,,,,,,,,,,,,,,,,,
0,,33.4,-8.2,L-Glutamate,GLU_L,C00025,,1,s,,,,,,,,,,,,,,,,,,
0,,32.9,-8,2-Aminoadipate 6-semialdehyde,2-Aminoadipate 6-semialdehyde,C04076,33,0,,f,,,,,,,,,,,,,,,,,
0,,31.5,-8,L-2-Aminoadipate,L-2-Aminoadipate,C00956,32,0,,f,,,,,,,,,,,,,,,,,
0,,30.7,-8.2,L-Glutamate,GLU_L,C00025,,1,s,,,,,,,,,,,,,,,,,,
0,,31,-8.2,2-Oxoglutarate,AKG,C00026,,1,s,,,,,,,,,,,,,,,,,,
0,,30.2,-8,2-Oxoadipate,2-Oxoadipate,C00322,32,0,,f,,,,,,,,,,,,,,,,,
0,,29.4,-8,Oxaloglutarate,Oxaloglutarate,C05533,32,0,,f,,,,,,,,,,,,,,,,,
0,,28.6,-8,Homoisocitrate,Homoisocitrate,C05662,32,0,,f,,,,,,,,,,,,,,,,,
0,,27.8,-8,Homo-cis-aconitate,Homo-cis-aconitate,C04002,32,0,,f,,,,,,,,,,,,,,,,,
0,,27,-8,Homocitrate,Homocitrate,C01251,32,0,,f,,,,,,,,,,,,,,,,,
0,,26.2,-8,2-Oxoglutarate,AKG,C00026,,1,,f,,,,,,,,,,,,,,,,,
0,,26.2,-7.6,Acetyl-CoA,ACCOA,C00024,,1,,f,,,,,,,,,,,,,,,,,
0,,38.4,-8.3,L-2-Aminoadipate,L-2-Aminoadipate,C00956,34,0,,f,,,"not the same compound as in Roche poster, but enzyme name and reaction match.",,,,,,,,,,,,,,
0,,38.6,-8.8,L-Cysteine,CYS_L,C00097,34,1,,f,,,,,,,,,,,,,,,,,
0,,38.9,-8.8,L-Valine,VAL_L,C00183,34,1,,f,,,,,,,,,,,,,,,,,
0,,38.9,-8,delta-(L-2-Aminoadipyl)-L-cysteinyl-D-valine,delta-(L-2-Aminoadipyl)-L-cysteinyl-D-valine,C05556,34,0,,f,,,,,,,,,,,,,,,,,
0,,38.9,-6.9,Isopenicillin N,Isopenicillin N,C05557,34,0,,f,,,,,,,,,,,,,,,,,
0,,38.5,-5.7,Deacetylcephalosporin C,Deacetylcephalosporin C,C03112,34,0,,f,,,,,,,,,,,,,,,,,
0,,38.5,-4.7,Cephalosporin C,Cephalosporin C,C00916,34,0,,f,,,,,,,,,,,,,,,,,
0,,39.5,-5.7,Penicillin G,Penicillin G,C05551,34,0,,f,,,,,,,,,,,,,,,,,
0,,39.1,-4.8,6-Aminopenicillanate,6-Aminopenicillanate,C02954,34,0,,f,,,,,,,,,,,,,,,,,
0,,39.9,-4.2,Penicilloic acid,Penicilloic acid,C06567,34,0,,f,,,,,,,,,,,,,,,,,
0,,31.4,-9.3,5-Hydroxyindoleacetate,5-Hydroxyindoleacetate,C05635,47,0,,f,,,,,,,,,,,,,,,,,
0,,31.4,-8.7,Indoleacetate,Indoleacetate,C00954,47,0,,f,,,,,,,,,,,,,,,,,
0,,30.1,-9.3,5-Hydroxyindoleacetaldehyde,5-Hydroxyindoleacetaldehyde,C05634,47,0,,f,,,,,,,,,,,,,,,,,
0,,30.1,-8.7,Indoleacetaldehyde,Indoleacetaldehyde,C00637,47,0,,f,,,,,,,,,,,,,,,,,
0,,29.1,-9.7,Bufotenine,Bufotenine,C08299,47,0,,f,,,,,,,,,,,,,,,,,
0,,28.8,-9.3,Serotonin,Serotonin,C00780,47,0,,f,,,,,,,,,,,,,,,,,
0,,28.8,-8.7,Tryptamine,Tryptamine,C00398,47,0,,f,,,,,,,,,,,,,,,,,
0,,28.5,-9.7,Melatonin,Melatonin,C01598,47,0,,f,,,,,,,,,,,,,,,,,
0,,27.7,-8.8,Indolelactate,Indolelactate,C02043,47,0,,f,,,,,,,,,,,,,,,,,
0,,26.9,-9.3,5-Hydroxy-L-tryptophan,5-Hydroxy-L-tryptophan,C00643,47,0,,f,,,,,,,,,,,,,,,,,
0,,26.9,-8.9,Indolepyruvate,Indolepyruvate,C00331,47,0,,f,,,,,,,,,,,,,,,,,
0,,28.6,-13.9,2'-Deoxyguanosine 5'-phosphate,DGMP,C00362,20,0,,f,,,,,,,,,,,,,,,,,
0,,28.6,-12.7,2'-Deoxyguanosine,DGSN,C00330,20,0,,f,,,,,,,,,,,,,,,,,
0,,28.6,-11.5,2'-Deoxyadenosine,DAD_2,C00559,20,1,,f,,,,,,,,,,,,,,,,,
0,,28.6,-10.3,2'-Deoxyadenosine 5'-phosphate,DAMP,C00360,20,0,,f,,,,,,,,,,,,,,,,,
0,,29.6,-13.9,2'-Deoxyguanosine 5'-diphosphate,DGDP,C00361,20,0,,f,,,,,,,,,,,,,,,,,
0,,29.6,-10.3,2'-Deoxyadenosine 5'-diphosphate,DADP,C00206,20,0,,f,,,,,,,,,,,,,,,,,
0,,30.1,-12.7,Guanine,GUA,C00242,20,1,,f,,,,,,,,,,,,,,,,,
0,,30.1,-11.5,Adenine,ADE,C00147,20,1,,f,,,,,,,,,,,,,,,,,
0,,30.8,-13.9,2'-Deoxyguanosine 5'-triphosphate,DGTP,C00286,20,1,,f,,,,,,,,,,,,,,,,,
0,,30.8,-10.3,2'-Deoxyadenosine 5'-triphosphate;,DATP,C00131,20,1,,f,,,,,,,,,,,,,,,,,
0,,31.8,-13.9,Deoxyribonucleic acid,DNA,C00039,20,0,,f,,,,,,,,,,,,,,,,,
0,,31.8,-10.3,Deoxyribonucleic acid,DNA,C00039,20,0,,f,,,,,,,,,,,,,,,,,
